pickup_date,pickup_month,hour,hvfhs_license_num,company,trips,trip_miles,trip_time_seconds,passenger_fare,tips,driver_pay,airport_fees,congestion_surcharges,shared_requests,shared_matches
2019-10-01,2019-10,0,HV0003,Uber,9811,51524.4,8899355,157149.1,4274.28,132790.44,0.0,8375.5,2231,1311
2019-10-01,2019-10,1,HV0003,Uber,5790,27493.28,4798093,82905.29,1822.25,70425.27,0.0,4878.25,1348,762
2019-10-01,2019-10,2,HV0003,Uber,3936,18744.66,3234687,55945.02,1291.45,48062.65,0.0,3093.25,948,479
2019-10-01,2019-10,3,HV0003,Uber,3049,16700.1,2657614,48965.58,1149.38,41343.37,0.0,2312.0,660,297
2019-10-01,2019-10,4,HV0003,Uber,4149,28300.27,3967319,81722.63,2698.84,66285.2,0.0,3333.75,728,360
2019-10-01,2019-10,5,HV0003,Uber,6463,44739.47,6495199,132046.24,4318.62,106457.88,0.0,6204.0,938,466
2019-10-01,2019-10,6,HV0003,Uber,11218,64191.9,11568257,212196.97,6230.44,171336.23,0.0,10919.25,1617,995
2019-10-01,2019-10,7,HV0003,Uber,17719,83297.92,18192530,320003.42,10152.69,253327.53,0.0,18070.75,2104,1199
2019-10-01,2019-10,8,HV0003,Uber,21507,90759.74,22254484,369373.7,11273.96,294319.45999999996,0.0,22850.5,2834,1766
2019-10-01,2019-10,9,HV0003,Uber,18529,80069.61,19252530,316975.82,10773.35,256759.61,0.0,21083.5,2760,1602
2019-10-01,2019-10,10,HV0003,Uber,15566,71977.01,16684328,280095.74,10284.34,227655.37,0.0,17547.0,2324,1264
2019-10-01,2019-10,11,HV0003,Uber,14775,69434.12,16200620,269160.63,10891.72,219853.92,0.0,16820.25,2239,1207
2019-10-01,2019-10,12,HV0003,Uber,14870,69405.82,15982507,269991.41,10903.369999999999,218800.7,0.0,16326.25,2361,1193
2019-10-01,2019-10,13,HV0003,Uber,15486,75952.78,16927866,289176.03,11027.87,234467.24,0.0,16511.25,2362,1198
2019-10-01,2019-10,14,HV0003,Uber,16446,81304.5,18981057,325368.81,12719.49,260590.68,0.0,17707.5,2459,1303
2019-10-01,2019-10,15,HV0003,Uber,17657,82709.91,20326905,348128.6,13710.12,274288.19,0.0,19036.75,2695,1475
2019-10-01,2019-10,16,HV0003,Uber,18470,82955.68,21115989,352431.23,13245.41,278625.91000000003,0.0,19667.75,2940,1679
2019-10-01,2019-10,17,HV0003,Uber,21157,87994.72,23228381,380496.73,13616.99,300669.54,0.0,23572.5,3611,2282
2019-10-01,2019-10,18,HV0003,Uber,23599,99185.57,24388781,401131.7,14714.85,322865.6,0.0,28192.25,4054,2740
2019-10-01,2019-10,19,HV0003,Uber,23721,108197.07,23970628,402084.44,14199.509999999998,329176.42000000004,0.0,27385.25,4108,2774
2019-10-01,2019-10,20,HV0003,Uber,22833,120519.84,23851671,427257.76,14716.03,347662.43,0.0,27015.5,3569,2407
2019-10-01,2019-10,21,HV0003,Uber,22090,119610.52,23289980,425869.56,14847.79,343525.88,0.0,27979.5,3293,2155
2019-10-01,2019-10,22,HV0003,Uber,19735,105918.56,20325458,370269.34,13542.010000000002,300131.36,0.0,24690.75,3082,2074
2019-10-01,2019-10,23,HV0003,Uber,15907,83978.63,15730102,281966.65,8541.91,231149.13999999998,0.0,17841.0,2794,1831
2019-10-02,2019-10,0,HV0003,Uber,10769,57839.65,10155950,179602.52,5088.93,150194.49,0.0,10884.75,2356,1399
2019-10-02,2019-10,1,HV0003,Uber,6615,35465.45,5944120,107677.96,3084.18,90397.05,0.0,6397.0,1467,888
2019-10-02,2019-10,2,HV0003,Uber,4070,20183.28,3461405,59351.29,1281.36,51960.9,0.0,3525.0,1019,534
2019-10-02,2019-10,3,HV0003,Uber,3218,18780.01,2866629,54326.29,1467.65,45651.4,0.0,2542.25,697,308
2019-10-02,2019-10,4,HV0003,Uber,4171,29500.25,4145589,85017.72,2640.05,68705.63,0.0,3648.25,718,355
2019-10-02,2019-10,5,HV0003,Uber,6918,48028.1,7196302,144634.18,4910.17,117056.4,0.0,6883.25,909,455
2019-10-02,2019-10,6,HV0003,Uber,13346,74525.23,15012626,252272.19,8131.16,212405.31,0.0,13210.25,1736,1073
2019-10-02,2019-10,7,HV0003,Uber,22916,98360.19,27348564,412481.73,11900.16,357634.48,0.0,21513.5,2334,1471
2019-10-02,2019-10,8,HV0003,Uber,26124,102105.49,31277724,452235.58,13973.78,394503.63,0.0,27013.5,3083,1930
2019-10-02,2019-10,9,HV0003,Uber,22382,94510.04000000001,27067641,396437.48,13146.57,337969.47000000003,0.0,25509.75,3089,1900
2019-10-02,2019-10,10,HV0003,Uber,17456,78800.3,21177556,323023.17,12504.26,274645.27,0.0,19476.0,2533,1412
2019-10-02,2019-10,11,HV0003,Uber,16376,76844.0,20774526,316777.03,13010.35,267138.07,0.0,19334.75,2404,1316
2019-10-02,2019-10,12,HV0003,Uber,17027,77016.17,21259146,324114.66,13581.49,273535.7,0.0,19330.0,2617,1445
2019-10-02,2019-10,13,HV0003,Uber,18303,87173.55,23031552,355324.30000000005,13778.64,299035.73,0.0,19693.0,2912,1680
2019-10-02,2019-10,14,HV0003,Uber,20936,95293.43,28006134,410307.59,15941.72,351392.87,0.0,21805.5,3082,1825
2019-10-02,2019-10,15,HV0003,Uber,21586,95407.87,31332401,440972.06,16063.58,378962.56,0.0,23403.75,3288,1974
2019-10-02,2019-10,16,HV0003,Uber,22930,94970.52,32598998,447679.79,17329.39,386216.75,0.0,25098.75,3588,2202
2019-10-02,2019-10,17,HV0003,Uber,26137,99961.97,36050376,471720.65,17497.32,419006.35,0.0,30001.5,4273,2818
2019-10-02,2019-10,18,HV0003,Uber,35416,118467.73,42909424,623530.34,21736.95,563071.07,0.0,39881.5,6253,4674
2019-10-02,2019-10,19,HV0003,Uber,32720,125906.84,36837573,613480.46,21100.96,534427.01,0.0,39502.5,5452,3957
2019-10-02,2019-10,20,HV0003,Uber,25976,134291.66,29483182,503986.74,18588.34,413169.44,0.0,31939.5,4001,2658
2019-10-02,2019-10,21,HV0003,Uber,24876,138400.7,27408709,500405.82,18525.84,402646.36,0.0,33026.0,3525,2406
2019-10-02,2019-10,22,HV0003,Uber,22134,125086.05,23440806,437533.8,16088.41,350948.93,0.0,28968.25,3215,2216
2019-10-02,2019-10,23,HV0003,Uber,17925,101259.09,18740181,342596.57,12417.29,279865.08,0.0,21450.75,2846,1922
2019-10-03,2019-10,0,HV0003,Uber,11847,62529.71,11357789,202883.05,6505.3,168920.35,0.0,12826.25,2245,1367
2019-10-03,2019-10,1,HV0003,Uber,7516,35611.79,6648996,114877.32,2895.25,96990.27,0.0,7626.25,1593,934
2019-10-03,2019-10,2,HV0003,Uber,4867,22863.65,4172518,72157.91,1726.87,61259.03,0.0,4800.25,1053,572
2019-10-03,2019-10,3,HV0003,Uber,3416,19496.45,3109794,57674.26,1353.78,48703.85,0.0,2886.5,702,305
2019-10-03,2019-10,4,HV0003,Uber,4736,31919.83,4755354,94275.64,2799.13,77239.68,0.0,4192.5,833,416
2019-10-03,2019-10,5,HV0003,Uber,7774,51698.94,8410334,157549.55,5458.5,130659.83,0.0,7768.25,1050,614
2019-10-03,2019-10,6,HV0003,Uber,15483,79144.91,17518913,290226.61,8508.47,251770.63,0.0,15295.0,2005,1306
2019-10-03,2019-10,7,HV0003,Uber,25601,101404.7,30996752,476900.83,14026.98,427477.16,0.0,24231.5,2624,1715
2019-10-03,2019-10,8,HV0003,Uber,31469,110683.63,38492012,609588.75,18488.579999999998,543839.18,0.0,32884.75,3582,2282
2019-10-03,2019-10,9,HV0003,Uber,27473,100895.59,34595824,483332.7,15698.19,428155.49,0.0,32715.5,3515,2229
2019-10-03,2019-10,10,HV0003,Uber,21020,87383.66,26787340,386230.52,13878.92,331233.61,0.0,24686.0,2934,1730
2019-10-03,2019-10,11,HV0003,Uber,19692,83608.42,25747620,370514.64,14672.13,318657.25,0.0,24598.5,2657,1522
2019-10-03,2019-10,12,HV0003,Uber,19649,87142.81,25438634,381030.49,15457.62,323112.89,0.0,24498.25,2659,1437
2019-10-03,2019-10,13,HV0003,Uber,19348,92933.74,26150755,396319.45,15532.16,334321.37,0.0,22440.75,2714,1537
2019-10-03,2019-10,14,HV0003,Uber,22075,99131.59,32573110,452720.71,16857.34,395081.11,0.0,23752.25,3007,1792
2019-10-03,2019-10,15,HV0003,Uber,24027,103063.27,38022479,509785.43,19277.2,446869.72,0.0,26989.0,3158,1834
2019-10-03,2019-10,16,HV0003,Uber,25652,102193.68,39936734,523773.79000000004,20015.809999999998,461333.58999999997,0.0,29063.75,3468,2101
2019-10-03,2019-10,17,HV0003,Uber,30712,111640.31,44139580,604707.64,22226.36,536886.03,0.0,35009.0,4426,3044
2019-10-03,2019-10,18,HV0003,Uber,31206,115996.21,41741348,606108.73,21222.9,529878.82,0.0,38662.75,4490,3156
2019-10-03,2019-10,19,HV0003,Uber,30897,126956.45,37829912,566355.07,19759.57,477703.44999999995,0.0,38705.0,4588,3334
2019-10-03,2019-10,20,HV0003,Uber,29646,149581.66,36229202,594635.93,21691.9,489772.97,0.0,37914.25,4095,2871
2019-10-03,2019-10,21,HV0003,Uber,29973,161636.40999999997,35741700,639668.51,22897.79,520872.42,0.0,39559.5,4027,2894
2019-10-03,2019-10,22,HV0003,Uber,28382,152233.0,32471580,653708.32,22946.73,525779.72,0.0,38168.25,3798,2846
2019-10-03,2019-10,23,HV0003,Uber,22971,121863.83,24922349,454563.0,14521.49,374203.38,0.0,28979.25,3234,2337
2019-10-04,2019-10,0,HV0003,Uber,16532,90596.84999999999,17454408,309284.78,9694.43,258197.69,0.0,19377.75,2615,1742
2019-10-04,2019-10,1,HV0003,Uber,10052,54416.99,9781312,179062.31,5480.15,148074.82,0.0,11385.0,1751,1097
2019-10-04,2019-10,2,HV0003,Uber,6233,32014.64,5644548,100098.64,2599.1,84112.18,0.0,6647.0,1220,696
2019-10-04,2019-10,3,HV0003,Uber,4746,27253.14,4378442,81826.48,2069.29,67700.85,0.0,4490.0,920,478
2019-10-04,2019-10,4,HV0003,Uber,5684,40551.58,5970683,119569.8,3651.96,97286.22,0.0,5388.25,897,461
2019-10-04,2019-10,5,HV0003,Uber,7657,55773.61,8465988,167348.47,5644.82,137009.19,0.0,7354.75,1006,556
2019-10-04,2019-10,6,HV0003,Uber,14236,80316.45,15990345,274223.95,7841.36,230402.83,0.0,13210.75,1873,1179
2019-10-04,2019-10,7,HV0003,Uber,23377,102656.85999999999,27599776,434872.87,12049.119999999999,376801.02,0.0,21002.5,2315,1466
2019-10-04,2019-10,8,HV0003,Uber,26552,105208.42,31817904,470011.2,13839.37,406580.72,0.0,25400.75,2987,1929
2019-10-04,2019-10,9,HV0003,Uber,22064,92738.15000000001,26116927,396008.42,12929.1,330733.73000000004,0.0,24156.5,2880,1689
2019-10-04,2019-10,10,HV0003,Uber,18353,82996.41,21935594,342265.0,12382.57,284186.02,0.0,20235.25,2417,1295
2019-10-04,2019-10,11,HV0003,Uber,18058,87559.76,23044605,359989.05,14468.41,300380.59,0.0,20670.0,2346,1149
2019-10-04,2019-10,12,HV0003,Uber,18655,90479.0,23931068,372579.96,14835.98,310302.18,0.0,21035.5,2541,1325
2019-10-04,2019-10,13,HV0003,Uber,20200,97060.83,26564159,407776.1,15547.14,341290.5,0.0,21876.0,2830,1590
2019-10-04,2019-10,14,HV0003,Uber,21760,101041.64,30861606,458644.67,16816.09,383731.31,0.0,22550.25,2994,1651
2019-10-04,2019-10,15,HV0003,Uber,22656,102450.1,34691082,493342.71,18741.87,416047.31,0.0,24378.25,3025,1756
2019-10-04,2019-10,16,HV0003,Uber,23595,99798.73000000001,35483968,491464.75,17340.84,416777.80999999994,0.0,25015.75,3173,1957
2019-10-04,2019-10,17,HV0003,Uber,27808,108088.31,38244961,529707.07,18692.08,451078.44,0.0,29695.75,4182,2828
2019-10-04,2019-10,18,HV0003,Uber,32097,125344.69,39754512,583775.26,19501.54,489765.58,0.0,35085.75,4795,3502
2019-10-04,2019-10,19,HV0003,Uber,35450,138015.84,40196001,624253.65,19807.870000000003,522091.25,0.0,40348.0,5119,3935
2019-10-04,2019-10,20,HV0003,Uber,32864,140539.97,35511416,555980.01,17674.3,464473.56,0.0,37885.25,4359,3148
2019-10-04,2019-10,21,HV0003,Uber,31585,143746.72,33653695,543689.23,16870.32,452211.45,0.0,36656.5,4222,2881
2019-10-04,2019-10,22,HV0003,Uber,33076,154290.2,35221881,582821.86,17588.71,477097.53,0.0,38992.75,4399,3447
2019-10-04,2019-10,23,HV0003,Uber,34139,163517.64,37100361,643273.29,18694.11,529103.33,0.0,39803.75,4616,3879
2019-10-05,2019-10,0,HV0003,Uber,30123,142632.52,30588592,526760.17,14271.48,438891.02,0.0,33910.75,4425,3355
2019-10-05,2019-10,1,HV0003,Uber,22952,110595.43000000001,21915607,374545.03,9036.77,311898.19,0.0,25077.75,3468,2726
2019-10-05,2019-10,2,HV0003,Uber,16826,82179.63,15589632,269099.97,5538.48,225338.75,0.0,18115.5,2648,2002
2019-10-05,2019-10,3,HV0003,Uber,12615,64774.19,11772062,211171.07,4124.28,177376.9,0.0,12511.25,2074,1501
2019-10-05,2019-10,4,HV0003,Uber,9194,51784.84,8604390,159917.58,3478.09,132996.71,0.0,7949.75,1467,910
2019-10-05,2019-10,5,HV0003,Uber,7000,46078.09,6844533,133270.7,3388.92,109838.81,0.0,5613.5,1158,647
2019-10-05,2019-10,6,HV0003,Uber,9016,56450.759999999995,8889083,167008.5,5178.83,138706.59,0.0,7513.5,1486,837
2019-10-05,2019-10,7,HV0003,Uber,13281,75957.56,13026081,240992.28,6933.22,198361.91,0.0,11867.5,1991,1161
2019-10-05,2019-10,8,HV0003,Uber,16984,86620.26,16673724,283982.34,9126.36,238880.63,0.0,15799.25,2504,1501
2019-10-05,2019-10,9,HV0003,Uber,20509,93695.27,20462396,330860.48,11055.09,283308.19,0.0,21256.5,2650,1607
2019-10-05,2019-10,10,HV0003,Uber,21343,92605.55,21794623,349132.89,12740.46,294223.67000000004,0.0,23703.0,2663,1492
2019-10-05,2019-10,11,HV0003,Uber,22485,99191.15,25165710,382710.66,13827.84,326629.44,0.0,25210.0,2858,1777
2019-10-05,2019-10,12,HV0003,Uber,23521,100703.49,27202147,404212.18,13853.55,345977.2,0.0,26357.25,3008,2007
2019-10-05,2019-10,13,HV0003,Uber,23857,103750.71,28059277,417989.95999999996,14270.73,355895.8,0.0,26406.0,3098,2131
2019-10-05,2019-10,14,HV0003,Uber,24145,106699.55,28598227,435862.9,14273.97,365035.41,0.0,25792.0,3163,2214
2019-10-05,2019-10,15,HV0003,Uber,25306,108962.32,30227049,452492.82,14728.28,381229.8,0.0,27235.0,3451,2410
2019-10-05,2019-10,16,HV0003,Uber,26570,111535.49,31950928,474207.55000000005,16422.27,400402.27,0.0,29955.25,3464,2324
2019-10-05,2019-10,17,HV0003,Uber,28323,116259.02,33830934,501721.96,16851.67,421552.21,0.0,33387.75,3653,2434
2019-10-05,2019-10,18,HV0003,Uber,31117,125727.31,36696808,545798.27,18058.18,458459.20999999996,0.0,37274.5,3906,2686
2019-10-05,2019-10,19,HV0003,Uber,35206,136571.01,40166053,604963.08,18970.88,506572.78,0.0,42654.5,4198,3151
2019-10-05,2019-10,20,HV0003,Uber,33470,138895.09999999998,36973715,565922.04,16672.67,479622.36,0.0,37812.75,4186,3100
2019-10-05,2019-10,21,HV0003,Uber,32057,136896.56,34487418,533639.85,15032.63,450713.59,0.0,35387.75,4069,3145
2019-10-05,2019-10,22,HV0003,Uber,34136,150241.91999999998,36346759,577280.47,16098.95,481585.58,0.0,38804.0,4178,3520
2019-10-05,2019-10,23,HV0003,Uber,34661,156683.8,36841728,612800.23,16157.37,512222.68,0.0,39706.0,4260,3628
2019-10-06,2019-10,0,HV0003,Uber,31793,145927.5,31416443,551400.1799999999,12811.08,458269.0,0.0,36108.0,4166,3322
2019-10-06,2019-10,1,HV0003,Uber,24863,116196.53,23278783,399706.19,8894.69,335059.72,0.0,27133.75,3510,2899
2019-10-06,2019-10,2,HV0003,Uber,18982,92246.83,17603457,314123.99,6194.5,260821.43,0.0,19819.0,2810,2225
2019-10-06,2019-10,3,HV0003,Uber,14416,74153.94,13309682,238517.02,4440.02,198793.00999999998,0.0,14401.5,2128,1549
2019-10-06,2019-10,4,HV0003,Uber,10772,62498.05,10238008,197302.08,3992.68,163318.02,0.0,9291.0,1582,1049
2019-10-06,2019-10,5,HV0003,Uber,7401,50336.77,7397106,144121.66,3896.94,119399.81999999999,0.0,5656.25,1232,743
2019-10-06,2019-10,6,HV0003,Uber,8118,53624.49,7869076,157502.8,4931.82,129078.45,0.0,7051.5,1321,755
2019-10-06,2019-10,7,HV0003,Uber,9723,60632.29,9140814,180503.14,5785.31,147873.53,0.0,8479.5,1593,909
2019-10-06,2019-10,8,HV0003,Uber,12579,69142.22,11705215,218923.03,7331.72,180510.9,0.0,12545.25,1834,1029
2019-10-06,2019-10,9,HV0003,Uber,16916,84471.01,15986148,280787.98,10397.259999999998,235998.94,0.0,18069.5,2182,1333
2019-10-06,2019-10,10,HV0003,Uber,20820,98765.38,20836476,351344.26,12472.77,297049.88,0.0,22855.0,2558,1648
2019-10-06,2019-10,11,HV0003,Uber,22622,107104.1,24777153,400269.64,13600.57,341531.6,0.0,25456.25,2718,1673
2019-10-06,2019-10,12,HV0003,Uber,22983,106615.12,26207472,415828.94,14310.65,353022.13,0.0,26002.5,2637,1568
2019-10-06,2019-10,13,HV0003,Uber,22756,109589.15,27098757,422811.42,14363.89,359681.49,0.0,24640.25,2796,1697
2019-10-06,2019-10,14,HV0003,Uber,22607,110341.14,28205569,440153.06,14557.84,371508.59,0.0,23392.75,2840,1677
2019-10-06,2019-10,15,HV0003,Uber,22476,111836.87,28930209,443604.07999999996,14139.66,375380.19999999995,0.0,22953.5,3011,1801
2019-10-06,2019-10,16,HV0003,Uber,22935,111959.89,29925474,455029.1,15272.22,385511.58,0.0,24367.5,2936,1906
2019-10-06,2019-10,17,HV0003,Uber,23476,113986.93,29788582,456790.46,14809.37,386544.16,0.0,25415.25,3037,2012
2019-10-06,2019-10,18,HV0003,Uber,25530,117898.73,31423605,475347.33,15220.12,408992.94,0.0,28038.75,3250,2303
2019-10-06,2019-10,19,HV0003,Uber,25337,114202.2,28601574,452423.81,13227.29,387222.83,0.0,26774.5,3616,2608
2019-10-06,2019-10,20,HV0003,Uber,22364,105618.03,24000434,386106.08,10840.36,324238.43,0.0,22482.25,3513,2425
2019-10-06,2019-10,21,HV0003,Uber,20913,104171.63,21442912,365065.73,10484.25,305650.91,0.0,20866.0,3357,2174
2019-10-06,2019-10,22,HV0003,Uber,18619,96955.37,18364880,327109.35,9045.47,273509.13,0.0,17748.0,3064,2200
2019-10-06,2019-10,23,HV0003,Uber,14939,79859.98,14005313,247148.0,6185.54,208067.48,0.0,12880.0,2734,1806
2019-10-07,2019-10,0,HV0003,Uber,10662,58033.48,9704150,172840.53,4292.83,146819.76,0.0,8354.25,2257,1307
2019-10-07,2019-10,1,HV0003,Uber,6540,33375.39,5689804,99028.75,2064.14,85503.8,0.0,5036.5,1480,849
2019-10-07,2019-10,2,HV0003,Uber,4042,19771.91,3354111,58528.689999999995,1097.5900000000001,50887.81999999999,0.0,2914.5,910,452
2019-10-07,2019-10,3,HV0003,Uber,3504,20887.61,3107417,60176.68,1347.0,50312.88,0.0,2470.0,677,288
2019-10-07,2019-10,4,HV0003,Uber,5118,37193.82,5097446,107992.95,3953.9900000000002,87999.69,0.0,4186.0,722,329
2019-10-07,2019-10,5,HV0003,Uber,7943,57917.14,8531450,174836.8,6231.39,144133.81,0.0,7706.75,936,510
2019-10-07,2019-10,6,HV0003,Uber,13658,80216.53,15589129,278587.83,8928.09,236564.73,0.0,12869.0,1744,1051
2019-10-07,2019-10,7,HV0003,Uber,22634,102483.43,27350872,435790.29,12960.38,388862.69,0.0,19842.75,2556,1538
2019-10-07,2019-10,8,HV0003,Uber,26586,109146.69,31873703,470786.43,14391.76,417724.08999999997,0.0,25288.75,3373,2027
2019-10-07,2019-10,9,HV0003,Uber,21703,93883.86,25267865,380720.27,13262.5,326432.16,0.0,23154.5,3223,1833
2019-10-07,2019-10,10,HV0003,Uber,16721,78711.68,19537192,305216.6,12262.65,258780.29,0.0,18063.5,2577,1304
2019-10-07,2019-10,11,HV0003,Uber,15571,74195.74,18024931,282977.05,11541.97,240272.62,0.0,17476.0,2449,1306
2019-10-07,2019-10,12,HV0003,Uber,16023,76861.06999999999,18142702,290929.2,11671.710000000001,244358.72,0.0,17569.25,2591,1469
2019-10-07,2019-10,13,HV0003,Uber,16349,80060.39,18703043,299372.14,11632.1,252276.48,0.0,16973.25,2670,1481
2019-10-07,2019-10,14,HV0003,Uber,18387,88092.96,22022348,344632.62,13213.7,290358.14,0.0,18058.75,2902,1601
2019-10-07,2019-10,15,HV0003,Uber,19384,87446.18,24246958,364707.06,14096.01,309418.13,0.0,19803.75,3069,1744
2019-10-07,2019-10,16,HV0003,Uber,19990,86115.54,25028138,360769.64,14004.070000000002,311328.08,0.0,20450.5,3324,1786
2019-10-07,2019-10,17,HV0003,Uber,23238,91858.5,27429898,385401.05,13857.78,337211.25,0.0,25316.75,4222,2427
2019-10-07,2019-10,18,HV0003,Uber,25864,103356.53,28288060,416856.39,15276.12,360053.8,0.0,30499.0,4622,2641
2019-10-07,2019-10,19,HV0003,Uber,25590,106309.25,25354816,397680.85,14108.140000000001,341252.43999999994,0.0,28757.75,4719,2717
2019-10-07,2019-10,20,HV0003,Uber,29378,125482.1,28341109,493527.69,16611.91,415395.69,0.0,38774.25,4788,3216
2019-10-07,2019-10,21,HV0003,Uber,25139,125111.25,25256616,450257.58,16069.84,374313.38,0.0,32705.25,4020,2790
2019-10-07,2019-10,22,HV0003,Uber,21177,110199.26,21135910,373948.47,13073.89,314494.78,0.0,26945.25,3574,2520
2019-10-07,2019-10,23,HV0003,Uber,16118,78515.54,15183103,257704.59,8301.92,219692.97,0.0,17937.75,3119,2082
2019-10-08,2019-10,0,HV0003,Uber,10665,53995.14,9769014,167451.94,5126.31,142796.26,0.0,10280.5,2291,1363
2019-10-08,2019-10,1,HV0003,Uber,5899,28594.85,5055554,87559.99,2418.77,74960.91,0.0,5442.5,1386,736
2019-10-08,2019-10,2,HV0003,Uber,4135,19170.29,3499174,59100.96,1608.35,51336.87,0.0,3687.0,935,449
2019-10-08,2019-10,3,HV0003,Uber,3033,16545.07,2700262,48767.880000000005,1180.12,41371.9,0.0,2212.25,673,285
2019-10-08,2019-10,4,HV0003,Uber,4245,27919.72,4063111,81698.02,2671.42,66715.35,0.0,3647.25,690,297
2019-10-08,2019-10,5,HV0003,Uber,6946,45303.07,6972414,137212.04,4790.93,112721.42,0.0,6681.75,958,464
2019-10-08,2019-10,6,HV0003,Uber,13137,69839.49,14319968,237326.32,7046.9800000000005,203043.61,0.0,12418.25,1809,1037
2019-10-08,2019-10,7,HV0003,Uber,22721,94139.79,26126324,390259.36,11937.06,339937.33,0.0,20849.25,2402,1417
2019-10-08,2019-10,8,HV0003,Uber,25634,96688.68,29662775,431468.01999999996,13061.2,377359.23,0.0,26338.75,3088,1805
2019-10-08,2019-10,9,HV0003,Uber,21742,87898.23,25894872,376677.69,12559.97,324783.41,0.0,24788.5,3130,1866
2019-10-08,2019-10,10,HV0003,Uber,16397,70710.74,18851356,286802.33,10523.6,242808.95,0.0,18306.5,2487,1285
2019-10-08,2019-10,11,HV0003,Uber,15167,70449.14,17695649,280899.31,11262.72,235338.18,0.0,17492.25,2327,1043
2019-10-08,2019-10,12,HV0003,Uber,15153,69505.0,16900055,273416.8,10304.98,226486.38,0.0,17086.5,2449,1178
2019-10-08,2019-10,13,HV0003,Uber,16292,77489.19,18129535,300670.1,11736.74,246911.03,0.0,17381.5,2676,1279
2019-10-08,2019-10,14,HV0003,Uber,18244,84886.11,21353173,345329.62,12991.17,284894.74,0.0,18721.0,2778,1353
2019-10-08,2019-10,15,HV0003,Uber,19211,85277.34,23855032,368916.6,13234.94,304659.87,0.0,20527.25,3102,1576
2019-10-08,2019-10,16,HV0003,Uber,19872,82312.92000000001,24015274,366327.94999999995,13214.939999999999,301452.1,0.0,21894.75,3127,1719
2019-10-08,2019-10,17,HV0003,Uber,23111,89721.07,25191763,388466.13,14120.23,318512.24,0.0,25752.5,3758,2268
2019-10-08,2019-10,18,HV0003,Uber,24550,94677.61,24303582,393016.04,13550.92,318106.0,0.0,27876.5,4109,2581
2019-10-08,2019-10,19,HV0003,Uber,23449,98821.69,22199056,369046.87,12632.52,304891.36,0.0,25469.25,4158,2622
2019-10-08,2019-10,20,HV0003,Uber,22663,112311.27,22255509,398336.4,14755.07,325460.31,0.0,26075.5,3641,2206
2019-10-08,2019-10,21,HV0003,Uber,22871,118760.79,22601193,414568.05,14982.25,337029.29,0.0,27968.5,3498,2064
2019-10-08,2019-10,22,HV0003,Uber,20587,104916.57999999999,19927915,357155.91,11545.34,290432.72,0.0,24378.5,3382,2275
2019-10-08,2019-10,23,HV0003,Uber,16562,83525.41,15737882,272651.44,8329.76,226990.92,0.0,17483.5,3093,2055
2019-10-09,2019-10,0,HV0003,Uber,11215,57303.04,10177808,177015.09,5072.99,149759.81,0.0,10593.75,2429,1358
2019-10-09,2019-10,1,HV0003,Uber,6767,31182.91,5679493,96007.62,2378.45,82647.5,0.0,5867.75,1542,884
2019-10-09,2019-10,2,HV0003,Uber,4573,21931.12,3841379,65649.1,1600.29,56967.02,0.0,3955.75,1113,592
2019-10-09,2019-10,3,HV0003,Uber,3573,19391.04,3090951,56208.96,1462.42,47850.35,0.0,2744.0,770,351
2019-10-09,2019-10,4,HV0003,Uber,4334,28508.99,4115696,82082.08,2638.77,67923.78,0.0,3432.0,737,312
2019-10-09,2019-10,5,HV0003,Uber,6357,42940.7,6363923,128412.63,4239.33,104666.06,0.0,5915.75,848,401
2019-10-09,2019-10,6,HV0003,Uber,11161,62568.78999999999,10935187,205528.51,6884.65,166065.66999999998,0.0,10428.25,1511,706
2019-10-09,2019-10,7,HV0003,Uber,16212,74235.88,15198369,276064.53,8739.64,218134.93,0.0,15081.75,1916,830
2019-10-09,2019-10,8,HV0003,Uber,21060,87072.96,19957379,339884.85,10690.06,272436.17,0.0,21282.25,2723,1371
2019-10-09,2019-10,9,HV0003,Uber,21265,85302.75,21011730,336173.6,11977.55,279978.12,0.0,23920.25,2991,1458
2019-10-09,2019-10,10,HV0003,Uber,23647,83914.19,23223223,360106.04,13572.32,300985.43,0.0,30538.0,3103,1565
2019-10-09,2019-10,11,HV0003,Uber,24230,86095.74,24607368,373728.21,14913.1,314057.06,0.0,32134.75,3297,1840
2019-10-09,2019-10,12,HV0003,Uber,24523,89603.31,25033306,388787.42000000004,15568.960000000001,323070.98,0.0,31865.5,3384,1885
2019-10-09,2019-10,13,HV0003,Uber,22287,88742.69,23402230,376186.58,14673.32,308543.9,0.0,28522.25,3215,1798
2019-10-09,2019-10,14,HV0003,Uber,20154,86444.22,22281200,366639.78,13709.81,295632.34,0.0,23918.5,2855,1464
2019-10-09,2019-10,15,HV0003,Uber,19047,83968.58,21240624,361171.41,14177.03,283510.83,0.0,21560.25,2870,1497
2019-10-09,2019-10,16,HV0003,Uber,19552,84375.34,20840053,360850.11,14191.04,280645.78,0.0,22140.75,3016,1448
2019-10-09,2019-10,17,HV0003,Uber,22873,91802.81,23093155,384551.42,13407.41,305764.64,0.0,26870.0,3821,2042
2019-10-09,2019-10,18,HV0003,Uber,19754,77595.54,18953471,313647.16,11538.72,253434.37,0.0,23753.5,3112,1736
2019-10-09,2019-10,19,HV0003,Uber,26063,112036.3,24530499,425101.60000000003,15367.130000000001,343892.5,0.0,30379.25,4025,2376
2019-10-09,2019-10,20,HV0003,Uber,25007,121645.39,24945646,442878.79,15776.13,359589.79,0.0,30904.25,3705,2181
2019-10-09,2019-10,21,HV0003,Uber,25160,126913.74,25635700,451582.7,16510.66,370450.13999999996,0.0,32226.75,3680,2505
2019-10-09,2019-10,22,HV0003,Uber,21147,106599.75,20990379,371700.93,11894.37,306090.2,0.0,26274.75,3273,2282
2019-10-09,2019-10,23,HV0003,Uber,16494,83660.64,15887587,280889.88,8859.47,233426.76,0.0,18359.75,2762,1817
2019-10-10,2019-10,0,HV0003,Uber,11455,61679.6,10884784,200510.1,6572.79,169267.46,0.0,11446.25,2104,1238
2019-10-10,2019-10,1,HV0003,Uber,6634,32126.3,5880694,101072.04,3038.32,86308.14,0.0,6383.75,1383,761
2019-10-10,2019-10,2,HV0003,Uber,4046,19559.08,3405003,59862.69,1560.14,50988.78,0.0,3920.5,880,475
2019-10-10,2019-10,3,HV0003,Uber,3428,18946.62,3003744,55687.83,1344.73,46782.85,0.0,2904.25,690,328
2019-10-10,2019-10,4,HV0003,Uber,4683,33483.83,4813944,96345.69,2946.93,79476.34,0.0,4123.5,751,365
2019-10-10,2019-10,5,HV0003,Uber,7469,51385.98,7815765,154832.04,5098.4,126174.05,0.0,7179.0,908,468
2019-10-10,2019-10,6,HV0003,Uber,13610,74544.12,14779187,252846.77,7658.23,214593.21,0.0,13200.25,1732,1037
2019-10-10,2019-10,7,HV0003,Uber,23436,100708.73,27128203,418642.61,12617.26,362346.21,0.0,21555.0,2330,1371
2019-10-10,2019-10,8,HV0003,Uber,25829,100852.74,30531158,446786.85,13854.64,386282.98,0.0,25692.75,2956,1728
2019-10-10,2019-10,9,HV0003,Uber,21378,87622.1,25441458,377571.19,12626.24,319785.1,0.0,23299.5,2781,1577
2019-10-10,2019-10,10,HV0003,Uber,16997,74854.0,20470071,310747.18,10781.78,261631.29,0.0,18449.25,2318,1161
2019-10-10,2019-10,11,HV0003,Uber,15913,75594.11,20047292,311023.57,12135.04,261382.04,0.0,17925.25,2195,975
2019-10-10,2019-10,12,HV0003,Uber,16211,76142.85,19828159,316138.02,12425.74,260500.52,0.0,18263.75,2243,1075
2019-10-10,2019-10,13,HV0003,Uber,17160,84485.94,21160114,342061.15,12892.21,280519.2,0.0,18009.0,2532,1202
2019-10-10,2019-10,14,HV0003,Uber,19085,91192.16,25837820,392860.26,15254.78,328958.67,0.0,19706.5,2614,1296
2019-10-10,2019-10,15,HV0003,Uber,20276,95407.08,29915163,438566.33,16378.44,368797.8,0.0,22545.25,2668,1347
2019-10-10,2019-10,16,HV0003,Uber,20839,93045.03,30383956,442275.04,16414.19,369602.87,0.0,22873.25,2716,1486
2019-10-10,2019-10,17,HV0003,Uber,25899,102923.63,35219976,494033.41,17382.37,421552.21,0.0,30018.25,3618,2221
2019-10-10,2019-10,18,HV0003,Uber,28511,112965.97,36200589,522305.17000000004,18145.05,443366.39,0.0,35166.5,3962,2656
2019-10-10,2019-10,19,HV0003,Uber,28483,121484.65,33064814,516273.51,18334.5,427611.12,0.0,35106.5,4072,2715
2019-10-10,2019-10,20,HV0003,Uber,27899,142183.64,31945207,547397.95,18703.76,447460.13,0.0,35035.25,3675,2300
2019-10-10,2019-10,21,HV0003,Uber,28346,157967.71,33048579,584358.46,21208.14,477531.42000000004,0.0,37507.5,3828,2396
2019-10-10,2019-10,22,HV0003,Uber,27214,151298.17,31012706,584089.02,20548.42,476568.03,0.0,35975.25,3793,2698
2019-10-10,2019-10,23,HV0003,Uber,22999,121957.87000000001,24893967,438589.42,13300.689999999999,364772.39,0.0,29581.25,3353,2359
2019-10-11,2019-10,0,HV0003,Uber,16138,91417.66,17361999,308102.15,9812.94,259100.83,0.0,19426.5,2578,1603
2019-10-11,2019-10,1,HV0003,Uber,9873,50223.64,9148699,162766.9,4343.38,136394.73,0.0,11496.25,1781,1097
2019-10-11,2019-10,2,HV0003,Uber,6521,32144.65,5728555,102172.06,2551.49,86059.7,0.0,7212.25,1246,708
2019-10-11,2019-10,3,HV0003,Uber,4997,29739.06,4638934,88460.28,1966.12,73842.7,0.0,4773.0,916,503
2019-10-11,2019-10,4,HV0003,Uber,5962,42862.89,6143994,125348.49,3901.32,102552.19,0.0,5596.25,897,462
2019-10-11,2019-10,5,HV0003,Uber,7943,56509.5,8476058,168782.78,5785.25,138715.61,0.0,7526.0,1003,548
2019-10-11,2019-10,6,HV0003,Uber,13904,79938.64000000001,15741307,270071.82,8339.630000000001,229225.66999999998,0.0,12735.5,1795,1015
2019-10-11,2019-10,7,HV0003,Uber,23004,100389.54,26205001,414718.2,11059.54,357435.82,0.0,20118.5,2350,1336
2019-10-11,2019-10,8,HV0003,Uber,26486,107278.84,30434149,460204.93,13407.0,394633.04,0.0,25238.5,3055,1637
2019-10-11,2019-10,9,HV0003,Uber,22295,94252.82,25645789,395624.14,12741.84,329027.45999999996,0.0,23782.25,2844,1437
2019-10-11,2019-10,10,HV0003,Uber,18111,81069.94,21268722,335021.54,12098.01,277720.43,0.0,20339.0,2316,1044
2019-10-11,2019-10,11,HV0003,Uber,17676,83169.95,21610896,340552.96,12975.12,282367.76,0.0,19762.5,2284,1138
2019-10-11,2019-10,12,HV0003,Uber,18825,91144.58,23566106,374577.64,14448.76,309592.03,0.0,21612.75,2501,1293
2019-10-11,2019-10,13,HV0003,Uber,20434,99483.26,26344728,411488.07,15730.35,341371.46,0.0,22141.25,2786,1607
2019-10-11,2019-10,14,HV0003,Uber,21819,101567.47,30562990,454124.45,16518.65,382131.36,0.0,22428.5,2953,1741
2019-10-11,2019-10,15,HV0003,Uber,18035,82374.52,27623430,441299.01,14888.99,398453.79,0.0,18466.25,2444,1306
2019-10-11,2019-10,16,HV0003,Uber,22221,96080.70000000001,33499983,472866.51,17315.28,442493.49,0.0,23489.75,3032,1573
2019-10-11,2019-10,17,HV0003,Uber,26578,108457.68,37348191,522027.07,18650.11,445355.74,0.0,28344.5,3764,2189
2019-10-11,2019-10,18,HV0003,Uber,30195,117994.40999999999,38119016,557837.8300000001,18561.71,472056.45999999996,0.0,34073.75,4233,2682
2019-10-11,2019-10,19,HV0003,Uber,32397,129033.82,37759566,562370.32,18029.07,475165.48,0.0,38174.0,4251,2766
2019-10-11,2019-10,20,HV0003,Uber,30886,133550.88,34444966,530081.95,16754.25,447951.89,0.0,36298.0,3992,2650
2019-10-11,2019-10,21,HV0003,Uber,29525,136275.21,31928692,512989.95,16201.63,428969.98,0.0,34658.5,3870,2762
2019-10-11,2019-10,22,HV0003,Uber,30832,146579.38,34292399,551073.52,16644.45,461111.71,0.0,37248.0,4020,3129
2019-10-11,2019-10,23,HV0003,Uber,31257,144331.53,34761569,562325.22,15883.029999999999,469868.56,0.0,37867.0,4234,3479
2019-10-12,2019-10,0,HV0003,Uber,27872,132977.62,29228123,478732.94,13007.26,404217.57,0.0,32073.0,3991,2978
2019-10-12,2019-10,1,HV0003,Uber,20893,95826.28,19700422,326144.21,7224.89,273368.14,0.0,22939.0,3250,2465
2019-10-12,2019-10,2,HV0003,Uber,15829,77642.56,14794288,253131.17,4996.22,210935.57,0.0,17698.0,2476,1832
2019-10-12,2019-10,3,HV0003,Uber,12001,63466.96,11337504,200523.38,3968.57,167897.07,0.0,12141.5,1913,1308
2019-10-12,2019-10,4,HV0003,Uber,9241,54478.47,9332489,168214.37,3582.59,142225.49,0.0,8168.75,1445,938
2019-10-12,2019-10,5,HV0003,Uber,7270,49938.83,7593022,144890.76,3791.23,120476.14,0.0,5784.5,1177,670
2019-10-12,2019-10,6,HV0003,Uber,8833,57963.729999999996,9031873,171226.22999999998,5463.400000000001,142517.52000000002,0.0,7789.5,1337,795
2019-10-12,2019-10,7,HV0003,Uber,11472,68257.0,11335922,209917.42,6359.33,173268.1,0.0,10208.5,1764,1028
2019-10-12,2019-10,8,HV0003,Uber,15573,81309.86,14987424,261273.93,8562.12,219279.19,0.0,14210.5,2290,1375
2019-10-12,2019-10,9,HV0003,Uber,19023,90128.53,18405048,309352.41,10919.05,261275.71,0.0,19133.5,2444,1436
2019-10-12,2019-10,10,HV0003,Uber,20629,93922.99,20789300,341924.46,12886.7,285286.07999999996,0.0,22120.0,2622,1604
2019-10-12,2019-10,11,HV0003,Uber,22407,99846.7,24233420,379570.95,13612.7,320934.72,0.0,25533.5,2861,1656
2019-10-12,2019-10,12,HV0003,Uber,23968,103824.0,27314781,414444.31,14826.39,353774.93,0.0,27486.75,2921,1761
2019-10-12,2019-10,13,HV0003,Uber,23855,104683.74,28086955,423508.68,14481.65,360350.85,0.0,26568.0,2998,1876
2019-10-12,2019-10,14,HV0003,Uber,24226,108637.24,29173103,442377.72,14829.84,374733.86,0.0,25026.5,3268,2083
2019-10-12,2019-10,15,HV0003,Uber,25068,111733.32,30793025,462753.59,14913.51,390756.58,0.0,27168.0,3327,2232
2019-10-12,2019-10,16,HV0003,Uber,26087,112061.37,32203190,473492.82,15734.62,402105.19,0.0,29779.25,3383,2413
2019-10-12,2019-10,17,HV0003,Uber,27925,117975.44,33617080,504891.06,17718.86,423096.89,0.0,33309.0,3442,2418
2019-10-12,2019-10,18,HV0003,Uber,30248,124501.51,36201591,537444.43,18200.38,452218.80000000005,0.0,36404.25,3617,2676
2019-10-12,2019-10,19,HV0003,Uber,32373,127675.27,36710007,562471.27,17313.92,467638.57,0.0,39356.5,3753,2851
2019-10-12,2019-10,20,HV0003,Uber,30842,126655.66,33015950,504237.50999999995,14757.09,425333.7,0.0,34850.0,3721,2768
2019-10-12,2019-10,21,HV0003,Uber,29817,127524.1,31085945,488002.13,14258.81,411244.97,0.0,33122.25,3890,2737
2019-10-12,2019-10,22,HV0003,Uber,31809,144512.64,33799978,564849.11,16046.36,467946.34,0.0,36367.0,3875,3061
2019-10-12,2019-10,23,HV0003,Uber,35875,168857.46,38432166,712036.49,18775.559999999998,582003.67,0.0,40575.25,4334,3839
2019-10-13,2019-10,0,HV0003,Uber,31549,142844.47,31065187,550601.86,12434.07,458733.93,0.0,34578.25,4083,3221
2019-10-13,2019-10,1,HV0003,Uber,25118,118814.79,23665268,418145.67000000004,8878.300000000001,345792.32999999996,0.0,27367.75,3565,2830
2019-10-13,2019-10,2,HV0003,Uber,19193,95597.18,18035795,329094.55,5977.97,272485.54,0.0,20443.25,2779,2155
2019-10-13,2019-10,3,HV0003,Uber,14841,79072.8,13973667,262472.33,4508.18,218173.23,0.0,14480.0,2237,1651
2019-10-13,2019-10,4,HV0003,Uber,10921,62855.0,10473004,209333.5,4097.81,172804.22,0.0,9747.0,1546,1022
2019-10-13,2019-10,5,HV0003,Uber,7572,49316.91,7380397,146794.54,3946.78,121075.1,0.0,6424.25,1165,657
2019-10-13,2019-10,6,HV0003,Uber,7967,52016.94,7663035,155131.38,4572.36,128202.6,0.0,7264.0,1282,697
2019-10-13,2019-10,7,HV0003,Uber,9146,56945.25,8571453,168489.26,5497.69,138781.85,0.0,7874.25,1500,744
2019-10-13,2019-10,8,HV0003,Uber,11885,65282.98,10767516,203747.88,7069.75,167329.04,0.0,11304.25,1799,929
2019-10-13,2019-10,9,HV0003,Uber,15734,78916.6,14448596,256692.53,9299.62,214535.97,0.0,16638.75,2075,1093
2019-10-13,2019-10,10,HV0003,Uber,19634,94309.14,19119490,329340.54,12144.04,276836.93999999994,0.0,21255.5,2418,1372
2019-10-13,2019-10,11,HV0003,Uber,21643,100339.37,22308271,366735.63,13190.87,310515.53,0.0,24848.25,2475,1474
2019-10-13,2019-10,12,HV0003,Uber,22641,105540.14,25524166,401828.36,13106.2,343202.0,0.0,26269.75,2534,1635
2019-10-13,2019-10,13,HV0003,Uber,22747,111066.52,27417849,431373.43,14282.470000000001,366905.66000000003,0.0,24918.75,2651,1750
2019-10-13,2019-10,14,HV0003,Uber,23425,117027.32,29410468,467184.02,15616.57,391604.1,0.0,24359.25,2755,1867
2019-10-13,2019-10,15,HV0003,Uber,23247,117953.31,30247492,476313.06,15339.06,399057.32,0.0,23627.0,2782,1893
2019-10-13,2019-10,16,HV0003,Uber,22997,111756.57,28702931,457685.62,14938.35,381581.73,0.0,24353.25,2797,1699
2019-10-13,2019-10,17,HV0003,Uber,24012,115308.96,28287414,459644.77,15130.68,379467.99,0.0,27018.25,2831,1716
2019-10-13,2019-10,18,HV0003,Uber,25205,115670.96,28070580,454340.28,14202.02,375880.19,0.0,28652.5,3040,1907
2019-10-13,2019-10,19,HV0003,Uber,24384,112088.28,25965564,420714.1,12665.630000000001,350939.3,0.0,26351.25,3370,2067
2019-10-13,2019-10,20,HV0003,Uber,22306,104618.14,22581401,376145.37,11026.93,313716.79,0.0,23214.5,3305,2147
2019-10-13,2019-10,21,HV0003,Uber,21845,107147.82,21793360,371735.60000000003,10993.51,311671.73,0.0,23040.25,3150,2179
2019-10-13,2019-10,22,HV0003,Uber,22144,112604.3,21902596,406725.15,10701.31,334352.63,0.0,22569.75,3261,2417
2019-10-13,2019-10,23,HV0003,Uber,20318,106012.78,19298440,366413.92,8509.7,306632.87,0.0,17710.5,3337,2543
2019-10-14,2019-10,0,HV0003,Uber,14521,73536.13,13041838,222497.05,4727.4,192171.63,0.0,11541.25,2812,1837
2019-10-14,2019-10,1,HV0003,Uber,9744,45637.15,8209437,134993.17,2640.43,117815.42000000001,0.0,7539.5,2089,1359
2019-10-14,2019-10,2,HV0003,Uber,6214,30526.19,5341006,89041.42,1646.66,78112.0,0.0,4795.0,1345,808
2019-10-14,2019-10,3,HV0003,Uber,4821,27904.47,4296289,80199.61,1695.34,68194.57,0.0,3665.75,908,497
2019-10-14,2019-10,4,HV0003,Uber,5799,40881.55,5730672,129350.41,3646.47,106030.12,0.0,4901.75,880,497
2019-10-14,2019-10,5,HV0003,Uber,7098,54663.74,7518130,165422.24,5734.2,134817.41,0.0,6834.25,882,488
2019-10-14,2019-10,6,HV0003,Uber,10024,67085.89,10540105,217873.26,7402.68,175485.78,0.0,10529.25,1204,613
2019-10-14,2019-10,7,HV0003,Uber,13591,78539.06,13392101,272139.42,10381.46,212417.73,0.0,14561.75,1510,721
2019-10-14,2019-10,8,HV0003,Uber,18232,89456.17,17583343,327744.89,11434.380000000001,258357.8,0.0,20806.75,2104,1078
2019-10-14,2019-10,9,HV0003,Uber,17453,84259.6,16902269,306245.23,11855.26,246285.1,0.0,20772.25,2224,1217
2019-10-14,2019-10,10,HV0003,Uber,15608,79355.23,16221645,285273.0,11709.289999999999,233156.41,0.0,18253.5,2151,1134
2019-10-14,2019-10,11,HV0003,Uber,15478,80583.56,16818717,290709.85,12065.16,239939.08,0.0,17563.5,2259,1094
2019-10-14,2019-10,12,HV0003,Uber,15668,79161.25,17134732,289858.38,12239.38,241645.31,0.0,17653.75,2368,1160
2019-10-14,2019-10,13,HV0003,Uber,16506,86949.51,18584239,314725.12,13174.66,262233.61,0.0,17866.25,2500,1269
2019-10-14,2019-10,14,HV0003,Uber,17391,92655.84,20455362,345514.0,13962.74,284848.79,0.0,18996.0,2620,1397
2019-10-14,2019-10,15,HV0003,Uber,18166,91309.02,21143565,359051.64,14398.3,291055.75,0.0,19945.25,2747,1423
2019-10-14,2019-10,16,HV0003,Uber,18602,89749.76999999999,20770766,352491.65,14103.66,284372.66,0.0,20741.5,2772,1572
2019-10-14,2019-10,17,HV0003,Uber,20528,95853.05,22084289,369470.45,14463.23,300503.93,0.0,23547.25,3336,1981
2019-10-14,2019-10,18,HV0003,Uber,23558,104123.06,23934373,389816.1,15014.29,324447.76,0.0,28355.5,3812,2555
2019-10-14,2019-10,19,HV0003,Uber,22824,103842.23,22317252,370851.57,14013.64,311548.33,0.0,26598.75,3771,2510
2019-10-14,2019-10,20,HV0003,Uber,21232,104798.67,20718673,357534.23000000004,13338.75,300823.63,0.0,24752.25,3405,2134
2019-10-14,2019-10,21,HV0003,Uber,20199,105388.87,19724056,352588.9,12727.52,296573.26,0.0,24332.25,3200,1932
2019-10-14,2019-10,22,HV0003,Uber,18153,93482.39,17548822,304729.01,9927.11,259503.96,0.0,21027.25,3150,2098
2019-10-14,2019-10,23,HV0003,Uber,15194,84436.85,14952452,262915.03,8890.5,225931.59000000003,0.0,16125.75,2924,1970
2019-10-15,2019-10,0,HV0003,Uber,10691,60195.67,10053095,184606.25,5118.67,157091.7,0.0,10088.75,2255,1326
2019-10-15,2019-10,1,HV0003,Uber,5908,29769.56,5031356,87528.52,2353.72,75612.6,0.0,5404.0,1371,740
2019-10-15,2019-10,2,HV0003,Uber,4054,19896.64,3316335,58634.65,1374.32,50830.68,0.0,3594.5,904,442
2019-10-15,2019-10,3,HV0003,Uber,3111,17718.67,2708661,50751.44,1425.93,43349.0,0.0,2405.75,667,280
2019-10-15,2019-10,4,HV0003,Uber,4534,33093.72,4571478,94065.75,3135.76,77063.24,0.0,4134.5,692,295
2019-10-15,2019-10,5,HV0003,Uber,7575,54703.84,8194141,161936.92,5807.46,134897.35,0.0,7625.75,936,487
2019-10-15,2019-10,6,HV0003,Uber,12971,74006.3,14487312,250562.13,8401.0,213031.77,0.0,12568.25,1592,900
2019-10-15,2019-10,7,HV0003,Uber,22226,99144.70999999999,25370459,408854.80000000005,13173.720000000001,350615.78,0.0,20242.75,2199,1221
2019-10-15,2019-10,8,HV0003,Uber,25991,104188.85,29809357,453386.58,13957.41,391535.7,0.0,25580.0,2988,1626
2019-10-15,2019-10,9,HV0003,Uber,20474,89214.74,23317983,364540.41,13631.19,303692.46,0.0,22979.0,2678,1385
2019-10-15,2019-10,10,HV0003,Uber,16413,77105.33,18832299,302650.69,12586.11,251188.22,0.0,18626.0,2401,1140
2019-10-15,2019-10,11,HV0003,Uber,15601,76818.0,18367271,298089.87,13182.78,248604.34,0.0,18157.0,2315,1158
2019-10-15,2019-10,12,HV0003,Uber,15586,75071.68,17983848,291793.35,12567.5,242640.83,0.0,18286.5,2396,1196
2019-10-15,2019-10,13,HV0003,Uber,16668,83316.86,19844051,320359.49,12713.27,268025.25,0.0,18109.75,2650,1427
2019-10-15,2019-10,14,HV0003,Uber,18587,92532.18,24232232,374217.17,14667.19,316713.15,0.0,19724.5,2746,1488
2019-10-15,2019-10,15,HV0003,Uber,19936,94674.14000000001,27710154,404022.53,16518.99,347123.05,0.0,21663.0,3019,1764
2019-10-15,2019-10,16,HV0003,Uber,19604,86124.36,26493751,379681.6,15167.93,325569.15,0.0,21641.25,3050,1600
2019-10-15,2019-10,17,HV0003,Uber,23412,96235.88,28797064,424457.01,16532.89,358524.67,0.0,27542.75,3620,2011
2019-10-15,2019-10,18,HV0003,Uber,25996,104478.82,28933585,439607.26999999996,16545.41,370572.55,0.0,32142.75,3966,2309
2019-10-15,2019-10,19,HV0003,Uber,25731,116697.33,27067151,443009.43,15989.58,370420.98,0.0,30510.75,4172,2425
2019-10-15,2019-10,20,HV0003,Uber,25436,138943.12,28623607,512196.97,20414.83,423552.61,0.0,31151.75,3755,2322
2019-10-15,2019-10,21,HV0003,Uber,24556,140197.75,27147751,499803.37,19471.56,409628.86,0.0,31566.5,3543,2423
2019-10-15,2019-10,22,HV0003,Uber,22288,122421.97,23496671,442706.05,17115.13,363270.91,0.0,28006.25,3391,2391
2019-10-15,2019-10,23,HV0003,Uber,19107,105443.6,20100349,373148.47,12865.94,311710.53,0.0,22765.25,3297,2456
2019-10-16,2019-10,0,HV0003,Uber,12389,67646.06999999999,12231468,210939.24,6717.9,181806.44,0.0,12812.5,2439,1534
2019-10-16,2019-10,1,HV0003,Uber,7192,36859.78,6451507,111019.04,3126.57,95697.96,0.0,7246.0,1541,955
2019-10-16,2019-10,2,HV0003,Uber,4416,23160.41,3858982,67563.42,1823.05,58654.58,0.0,4286.0,1028,513
2019-10-16,2019-10,3,HV0003,Uber,3377,19503.33,3044050,56355.56,1624.74,48160.36,0.0,2895.25,705,311
2019-10-16,2019-10,4,HV0003,Uber,4412,31183.79,4438873,89324.81,2941.79,73885.89,0.0,3929.75,706,318
2019-10-16,2019-10,5,HV0003,Uber,7123,48894.04,7449094,144119.52,4771.15,120389.04,0.0,7007.25,916,445
2019-10-16,2019-10,6,HV0003,Uber,13407,75492.34,14950707,254457.95,8163.9,216831.8,0.0,13295.25,1555,842
2019-10-16,2019-10,7,HV0003,Uber,23031,99617.28,26939097,420240.29000000004,13599.910000000002,366886.66000000003,0.0,21562.25,2124,1189
2019-10-16,2019-10,8,HV0003,Uber,26995,108132.19,31557188,485500.86,15434.63,425630.05,0.0,27725.75,2891,1709
2019-10-16,2019-10,9,HV0003,Uber,22390,93884.25,26314740,393155.6,13647.95,336524.53,0.0,25682.25,2787,1607
2019-10-16,2019-10,10,HV0003,Uber,17777,82713.37999999999,21101098,329147.0,13202.38,279029.14999999997,0.0,20441.75,2358,1211
2019-10-16,2019-10,11,HV0003,Uber,16796,80449.06,20513660,323284.88,13727.67,273345.19,0.0,20255.25,2287,1040
2019-10-16,2019-10,12,HV0003,Uber,17472,84938.74,21566405,338733.7,14652.9,286700.04,0.0,20265.0,2617,1285
2019-10-16,2019-10,13,HV0003,Uber,17952,87558.67,22509552,351165.41,14090.38,299224.03,0.0,20127.5,2631,1276
2019-10-16,2019-10,14,HV0003,Uber,25023,104585.29000000001,34750388,472377.33999999997,19976.14,428683.31000000006,0.0,26709.75,3617,2191
2019-10-16,2019-10,15,HV0003,Uber,30134,108581.43,43469809,628933.24,22842.18,587149.53,0.0,34000.25,4476,2807
2019-10-16,2019-10,16,HV0003,Uber,27969,105572.9,42944153,545350.85,22546.91,511807.68,0.0,31889.5,4188,2711
2019-10-16,2019-10,17,HV0003,Uber,36165,119251.35,50587704,699738.72,27803.92,645798.52,0.0,38576.0,5645,4118
2019-10-16,2019-10,18,HV0003,Uber,43493,131110.56,51857305,995154.91,36713.45,865201.8,0.0,48340.5,7079,5412
2019-10-16,2019-10,19,HV0003,Uber,42408,144983.94999999998,46962831,814924.66,29031.12,705840.5099999999,0.0,52925.0,6252,4611
2019-10-16,2019-10,20,HV0003,Uber,38210,158648.71,42429227,745698.76,27565.53,630628.43,0.0,51116.0,5415,3755
2019-10-16,2019-10,21,HV0003,Uber,32311,156696.2,35748795,673818.06,26420.34,558056.77,0.0,44690.75,4364,2887
2019-10-16,2019-10,22,HV0003,Uber,27541,136320.37,28931648,551809.35,20396.62,455832.18,0.0,39103.75,3625,2500
2019-10-16,2019-10,23,HV0003,Uber,19939,101258.85,19792264,351108.44999999995,12777.75,293599.62,0.0,24540.25,3140,2142
2019-10-17,2019-10,0,HV0003,Uber,12602,68151.95,11905267,219522.37,7614.86,181139.12,0.0,13694.5,2223,1321
2019-10-17,2019-10,1,HV0003,Uber,7552,45428.84,7374114,139415.89,4570.06,119044.79,0.0,8063.5,1344,747
2019-10-17,2019-10,2,HV0003,Uber,4481,23999.82,3924820,70542.72,1823.13,60478.94,0.0,4305.5,950,498
2019-10-17,2019-10,3,HV0003,Uber,3483,20499.2,3110481,58759.41,1942.2,49985.14,0.0,2860.0,725,314
2019-10-17,2019-10,4,HV0003,Uber,4627,32657.96,4496291,92254.75,3333.14,76048.68,0.0,4139.25,700,332
2019-10-17,2019-10,5,HV0003,Uber,7728,53509.2,8006215,157842.99,5882.15,131309.06,0.0,7644.0,963,470
2019-10-17,2019-10,6,HV0003,Uber,13887,76744.57,15133508,263109.22000000003,9058.65,225160.53,0.0,13475.25,1526,853
2019-10-17,2019-10,7,HV0003,Uber,24373,101165.49,27124103,437440.77,13790.47,380258.17,0.0,22370.25,2215,1289
2019-10-17,2019-10,8,HV0003,Uber,28559,110663.53,32873445,508731.9,17036.77,440766.96,0.0,29176.5,2906,1562
2019-10-17,2019-10,9,HV0003,Uber,23277,95982.84,27128902,405104.8,14628.14,346925.39,0.0,26171.0,2743,1444
2019-10-17,2019-10,10,HV0003,Uber,18644,81785.66,22228827,336490.02,13383.78,290693.29,0.0,21351.25,2510,1265
2019-10-17,2019-10,11,HV0003,Uber,17450,81390.04,21905466,339924.03,14716.51,295098.02,0.0,20817.75,2359,1195
2019-10-17,2019-10,12,HV0003,Uber,17637,83849.53,22448611,351026.86,15059.51,294838.93,0.0,21041.0,2313,1138
2019-10-17,2019-10,13,HV0003,Uber,18833,92814.53,24870725,381171.88,15380.599999999999,324541.36,0.0,21141.25,2593,1407
2019-10-17,2019-10,14,HV0003,Uber,20961,96832.74,29718478,431486.82,18010.76,371632.53,0.0,23244.0,2655,1383
2019-10-17,2019-10,15,HV0003,Uber,21740,97962.68,33144956,467039.44,18191.29,403419.16,0.0,24769.75,2740,1516
2019-10-17,2019-10,16,HV0003,Uber,22947,99993.64,34683342,485184.27,19984.53,418417.91000000003,0.0,26250.5,2997,1592
2019-10-17,2019-10,17,HV0003,Uber,27331,104496.23,37734452,513872.03,19896.0,452657.83,0.0,31533.0,3596,2119
2019-10-17,2019-10,18,HV0003,Uber,30376,114666.51,38362719,572918.5,21050.68,493268.24,0.0,36762.0,4029,2398
2019-10-17,2019-10,19,HV0003,Uber,29688,124193.13,34332049,527232.89,19077.510000000002,447679.92,0.0,35553.5,3818,1972
2019-10-17,2019-10,20,HV0003,Uber,28925,143219.2,33076786,546110.12,19821.53,458846.63,0.0,35439.5,3914,2386
2019-10-17,2019-10,21,HV0003,Uber,28870,157316.65,33225202,575634.03,22625.78,479442.55000000005,0.0,37113.75,3870,2651
2019-10-17,2019-10,22,HV0003,Uber,28354,153774.32,31649879,600549.12,22273.19,491040.03,0.0,38088.0,3863,2878
2019-10-17,2019-10,23,HV0003,Uber,24797,140374.7,27436449,506645.65,18508.21,423639.31,0.0,31218.5,3457,2545
2019-10-18,2019-10,0,HV0003,Uber,18784,114987.25,21081545,402820.98000000004,15182.13,340243.72,0.0,21907.0,2678,1745
2019-10-18,2019-10,1,HV0003,Uber,11997,73094.81,12357087,234575.21,7902.14,199444.35,0.0,13440.25,1925,1286
2019-10-18,2019-10,2,HV0003,Uber,7623,45310.23,7249314,137675.56,4504.27,117089.39,0.0,8176.25,1356,790
2019-10-18,2019-10,3,HV0003,Uber,5564,35196.05,5339499,104896.75,3253.1,87763.45,0.0,5309.0,1002,543
2019-10-18,2019-10,4,HV0003,Uber,6193,42926.37,6642498,124903.99,4303.82,106693.25,0.0,5768.0,909,477
2019-10-18,2019-10,5,HV0003,Uber,8210,57998.16,9230165,172436.85,6585.06,146455.12,0.0,7796.0,1040,576
2019-10-18,2019-10,6,HV0003,Uber,14179,83584.79,16145966,287094.38,9648.62,246381.95,0.0,12970.25,1587,924
2019-10-18,2019-10,7,HV0003,Uber,23740,103739.58,26865584,439197.13999999996,13514.18,381465.49,0.0,20348.0,2224,1343
2019-10-18,2019-10,8,HV0003,Uber,27979,112599.24,31954832,493991.43,16375.72,428406.36,0.0,26701.75,2958,1735
2019-10-18,2019-10,9,HV0003,Uber,23023,99685.27,26897616,412381.92000000004,14848.599999999999,348284.26999999996,0.0,25035.5,2777,1588
2019-10-18,2019-10,10,HV0003,Uber,19014,87924.83,23070618,353010.84,14079.22,300334.2,0.0,21058.5,2488,1369
2019-10-18,2019-10,11,HV0003,Uber,18249,88118.23,23290390,358626.29,14781.13,305644.37,0.0,20601.0,2426,1287
2019-10-18,2019-10,12,HV0003,Uber,19121,92625.18,24562470,380110.94,15994.26,321600.78,0.0,21598.0,2541,1419
2019-10-18,2019-10,13,HV0003,Uber,20171,99471.63,27181972,411259.61,16787.2,352325.05,0.0,22133.25,2711,1630
2019-10-18,2019-10,14,HV0003,Uber,22184,104762.97,33129472,476089.75,18348.09,413100.26,0.0,22569.0,2856,1710
2019-10-18,2019-10,15,HV0003,Uber,22233,98348.57,35316831,494780.54,19633.72,428749.13,0.0,22588.75,3096,1918
2019-10-18,2019-10,16,HV0003,Uber,23123,96458.56,35719983,488805.42000000004,19453.82,425205.72,0.0,23628.75,3193,1968
2019-10-18,2019-10,17,HV0003,Uber,27969,110175.82,39607540,554817.82,20363.62,477610.24,0.0,28504.25,3846,2560
2019-10-18,2019-10,18,HV0003,Uber,32088,124277.26000000001,40832192,606357.0,22123.100000000002,516466.22,0.0,34812.0,4341,2995
2019-10-18,2019-10,19,HV0003,Uber,34774,133054.63,39350908,611078.38,21545.51,512862.35,0.0,39815.75,4352,3066
2019-10-18,2019-10,20,HV0003,Uber,32808,138214.66,35347967,546686.78,19042.94,464890.8,0.0,37449.75,4355,3099
2019-10-18,2019-10,21,HV0003,Uber,32574,148940.35,34522964,554296.14,19007.37,468081.16,0.0,37094.25,4391,3125
2019-10-18,2019-10,22,HV0003,Uber,34100,164756.99,38279235,619114.84,21476.78,523491.35,0.0,39680.75,4454,3472
2019-10-18,2019-10,23,HV0003,Uber,33687,157358.73,36886718,610447.98,19054.33,511788.55000000005,0.0,39059.0,4554,3791
2019-10-19,2019-10,0,HV0003,Uber,29783,143248.09,30770887,513184.01,14668.26,438577.37,0.0,32923.25,4190,3104
2019-10-19,2019-10,1,HV0003,Uber,22330,105006.47,21476201,351512.22,8504.77,301730.8,0.0,23901.5,3424,2642
2019-10-19,2019-10,2,HV0003,Uber,16457,79615.87,15372605,255694.78,5296.65,220473.14,0.0,17469.0,2526,1827
2019-10-19,2019-10,3,HV0003,Uber,12367,63712.9,11617710,199491.62,4449.75,170118.65,0.0,12172.25,1978,1364
2019-10-19,2019-10,4,HV0003,Uber,9619,55019.77,9121318,169370.71,4173.02,143504.35,0.0,7840.25,1485,926
2019-10-19,2019-10,5,HV0003,Uber,7962,53595.76,8302405,154281.36,4679.31,130684.36,0.0,6433.0,1302,767
2019-10-19,2019-10,6,HV0003,Uber,9582,61414.57,9909433,192338.85,6313.99,163370.81,0.0,7986.5,1450,884
2019-10-19,2019-10,7,HV0003,Uber,12586,74129.31,12920383,227697.73,7612.65,194811.39,0.0,11514.75,1960,1240
2019-10-19,2019-10,8,HV0003,Uber,17373,88742.92,17581150,293482.9,9486.04,254567.62,0.0,16179.25,2520,1666
2019-10-19,2019-10,9,HV0003,Uber,20746,96970.36,20791028,337113.19,12358.01,292697.64,0.0,20928.5,2736,1727
2019-10-19,2019-10,10,HV0003,Uber,21925,97944.59,22600257,362784.14,13748.09,310791.22,0.0,23690.25,2642,1621
2019-10-19,2019-10,11,HV0003,Uber,23480,104665.59,25615062,399285.72,15137.6,341728.96,0.0,26117.0,2937,1892
2019-10-19,2019-10,12,HV0003,Uber,24132,105925.59,27270068,418243.97,15097.59,356219.97,0.0,26931.5,2991,1974
2019-10-19,2019-10,13,HV0003,Uber,24413,106781.84,28058711,425761.07,15172.439999999999,363131.85,0.0,26545.5,3264,2206
2019-10-19,2019-10,14,HV0003,Uber,24045,106297.78,28747839,429567.1,14981.19,367073.38,0.0,25279.5,3177,2111
2019-10-19,2019-10,15,HV0003,Uber,24751,107090.8,30044947,440676.95,14927.86,378917.72,0.0,25674.0,3313,2218
2019-10-19,2019-10,16,HV0003,Uber,26318,111258.27,32326825,469275.95999999996,17121.42,404189.19999999995,0.0,28642.75,3478,2388
2019-10-19,2019-10,17,HV0003,Uber,29306,125063.92,36191273,533088.86,19579.4,453553.45,0.0,33731.5,3669,2641
2019-10-19,2019-10,18,HV0003,Uber,32671,131854.06,40005033,580137.91,19717.329999999998,499428.91000000003,0.0,37324.25,4035,3042
2019-10-19,2019-10,19,HV0003,Uber,34965,134671.78,40809481,608571.88,19571.8,519118.38,0.0,40410.75,4226,3160
2019-10-19,2019-10,20,HV0003,Uber,32556,131549.08000000002,35428933,524050.99,16233.04,454728.22,0.0,35302.75,4032,2942
2019-10-19,2019-10,21,HV0003,Uber,31308,133074.6,33075062,504609.91,15521.29,432011.32,0.0,33460.25,4074,3093
2019-10-19,2019-10,22,HV0003,Uber,32984,145120.12,35524406,555719.52,16704.9,472696.74,0.0,36286.5,4226,3365
2019-10-19,2019-10,23,HV0003,Uber,34377,153144.46,37308107,600623.29,17160.45,511787.55,0.0,39266.25,4303,3639
2019-10-20,2019-10,0,HV0003,Uber,32362,143458.08000000002,33137789,570173.24,15200.009999999998,484808.33999999997,0.0,35459.25,4180,3262
2019-10-20,2019-10,1,HV0003,Uber,25488,118435.23,24735834,416200.57,10189.26,354425.85,0.0,26384.75,3580,2832
2019-10-20,2019-10,2,HV0003,Uber,19923,94095.57,18288453,328287.07,6928.7,273394.93,0.0,20327.75,2873,2234
2019-10-20,2019-10,3,HV0003,Uber,14962,76358.33,13708391,250718.48,5638.139999999999,209571.3,0.0,14194.75,2179,1556
2019-10-20,2019-10,4,HV0003,Uber,11400,64527.14,10656009,207664.36,4847.35,174158.12,0.0,9273.25,1640,1034
2019-10-20,2019-10,5,HV0003,Uber,7879,52653.94,7901398,151267.02,4683.13,127180.35,0.0,6126.5,1267,778
2019-10-20,2019-10,6,HV0003,Uber,8321,56764.92,8408693,167446.07,5333.91,140637.43,0.0,6927.5,1377,811
2019-10-20,2019-10,7,HV0003,Uber,10056,62400.97,9697361,183704.83,6682.52,155618.71,0.0,8869.5,1619,971
2019-10-20,2019-10,8,HV0003,Uber,12637,68354.8,11555391,211979.62,7893.25,177921.42,0.0,12032.25,1957,1183
2019-10-20,2019-10,9,HV0003,Uber,16579,83341.04999999999,15119495,269745.79,10780.45,227756.31,0.0,16646.25,2232,1347
2019-10-20,2019-10,10,HV0003,Uber,20428,97414.05,19336158,336159.53,12876.44,284696.15,0.0,22333.5,2457,1515
2019-10-20,2019-10,11,HV0003,Uber,22479,105535.93,22514095,379732.76,15198.13,320810.15,0.0,25615.5,2615,1649
2019-10-20,2019-10,12,HV0003,Uber,25189,111817.4,26146118,440734.58,16685.84,371770.08999999997,0.0,30096.0,2899,1891
2019-10-20,2019-10,13,HV0003,Uber,28132,121014.6,30723451,494516.91,18352.18,425536.02,0.0,34137.75,3213,2232
2019-10-20,2019-10,14,HV0003,Uber,29744,125639.71,33925090,539894.41,19270.14,460341.01,0.0,33671.25,3603,2460
2019-10-20,2019-10,15,HV0003,Uber,29828,126093.88,35432967,560272.52,20453.16,481558.69999999995,0.0,33352.25,3669,2534
2019-10-20,2019-10,16,HV0003,Uber,30245,126969.95,36276558,555956.96,20190.07,482516.34,0.0,34254.75,3755,2650
2019-10-20,2019-10,17,HV0003,Uber,30564,126019.32999999999,35108016,540665.79,19505.88,459716.25,0.0,35246.75,3831,2676
2019-10-20,2019-10,18,HV0003,Uber,29889,123225.74,32992011,516310.02,17704.8,440130.8,0.0,34315.25,3782,2647
2019-10-20,2019-10,19,HV0003,Uber,27096,113137.23,27656986,433569.20999999996,14278.849999999999,367781.05000000005,0.0,29429.25,3866,2647
2019-10-20,2019-10,20,HV0003,Uber,23970,110780.0,24289434,399554.87,13599.78,339488.91,0.0,25085.5,3608,2424
2019-10-20,2019-10,21,HV0003,Uber,21568,101859.42,20963407,354215.88,11806.55,300184.48,0.0,22613.25,3347,2267
2019-10-20,2019-10,22,HV0003,Uber,18687,93788.43,17352115,303547.06999999995,9330.09,253462.75,0.0,18041.25,3061,2128
2019-10-20,2019-10,23,HV0003,Uber,14997,76802.26,13854828,239052.35,7170.95,207551.19,0.0,13060.5,2665,1796
2019-10-21,2019-10,0,HV0003,Uber,10656,57602.18,9692331,166195.75,5080.71,146365.66,0.0,8351.0,2163,1219
2019-10-21,2019-10,1,HV0003,Uber,6170,29844.66,5159259,83212.07,1706.31,75890.09,0.0,4522.25,1395,764
2019-10-21,2019-10,2,HV0003,Uber,4026,20127.12,3387608,55839.15,1444.34,51156.98,0.0,2823.0,880,434
2019-10-21,2019-10,3,HV0003,Uber,3393,19512.41,2987493,53865.8,1518.66,47660.71,0.0,2232.75,648,296
2019-10-21,2019-10,4,HV0003,Uber,5096,37864.1,5157526,109843.85,4080.86,90753.58,0.0,4305.0,686,361
2019-10-21,2019-10,5,HV0003,Uber,8195,61521.68,8971052,184795.99,6560.62,154498.35,0.0,7851.25,965,523
2019-10-21,2019-10,6,HV0003,Uber,13718,82209.1,15763411,285996.85,9664.61,244695.23,0.0,12873.5,1510,893
2019-10-21,2019-10,7,HV0003,Uber,22237,100029.34,25258674,411563.39999999997,12834.289999999999,362760.15,0.0,18692.5,2294,1444
2019-10-21,2019-10,8,HV0003,Uber,25735,105303.61,29000885,430373.26,13696.52,380934.45,0.0,24377.75,3144,1921
2019-10-21,2019-10,9,HV0003,Uber,20700,91245.6,22818017,351931.98,12648.42,303362.2,0.0,21896.25,2810,1592
2019-10-21,2019-10,10,HV0003,Uber,16513,78079.54,18198818,288114.98,11588.38,248949.79,0.0,17709.75,2466,1375
2019-10-21,2019-10,11,HV0003,Uber,15284,76462.84,17125460,277280.31,11664.65,236067.34,0.0,16907.25,2374,1279
2019-10-21,2019-10,12,HV0003,Uber,15513,75198.08,16978933,273725.97,11877.89,233228.05,0.0,17300.25,2427,1279
2019-10-21,2019-10,13,HV0003,Uber,16682,85670.55,18893693,306191.5,12546.61,261855.25,0.0,17361.5,2712,1524
2019-10-21,2019-10,14,HV0003,Uber,18539,89489.57,21988462,338507.99,13654.300000000001,292441.81,0.0,18266.5,2937,1686
2019-10-21,2019-10,15,HV0003,Uber,19379,93152.68,24632758,368374.46,14917.98,319111.66,0.0,20345.5,3018,1756
2019-10-21,2019-10,16,HV0003,Uber,19805,89165.18,25068652,362430.42,14465.87,316602.64,0.0,20954.0,3126,1879
2019-10-21,2019-10,17,HV0003,Uber,23702,101607.6,28356051,411013.37,15782.740000000002,359202.15,0.0,26110.5,3814,2468
2019-10-21,2019-10,18,HV0003,Uber,25721,106198.65,28159801,417256.82,15516.81,364936.57,0.0,29346.75,4190,2744
2019-10-21,2019-10,19,HV0003,Uber,24354,109351.59,24466626,389544.21,14175.36,336514.68,0.0,27267.0,4095,2678
2019-10-21,2019-10,20,HV0003,Uber,22952,119184.85,23236113,397699.95999999996,15167.45,339154.26,0.0,26443.75,3736,2454
2019-10-21,2019-10,21,HV0003,Uber,22137,116652.5,22426728,389345.05,15293.14,331459.85,0.0,27586.75,3434,2256
2019-10-21,2019-10,22,HV0003,Uber,20292,107798.03,20545824,354258.7,13675.32,302294.48,0.0,25166.25,3306,2273
2019-10-21,2019-10,23,HV0003,Uber,16160,84675.55,15807763,263106.11,8628.51,232708.87,0.0,17421.75,3049,2126
2019-10-22,2019-10,0,HV0003,Uber,11197,58595.91,10399955,176168.22,5500.68,155484.44,0.0,11293.5,2348,1385
2019-10-22,2019-10,1,HV0003,Uber,6357,30355.7,5380042,87897.43,2460.87,79604.96,0.0,5811.5,1370,765
2019-10-22,2019-10,2,HV0003,Uber,4094,19439.33,3386691,55456.54,1422.89,49876.0,0.0,3580.75,886,471
2019-10-22,2019-10,3,HV0003,Uber,3117,16764.38,2679539,46001.94,1404.91,41073.2,0.0,2401.75,683,332
2019-10-22,2019-10,4,HV0003,Uber,4337,29822.08,4201136,82453.16,3029.45,70241.08,0.0,3660.25,698,293
2019-10-22,2019-10,5,HV0003,Uber,7478,51101.01,7615115,146605.44,5372.95,123202.42,0.0,7271.25,981,522
2019-10-22,2019-10,6,HV0003,Uber,13092,71262.45,13914498,233060.04,7870.54,201570.24,0.0,12575.0,1515,847
2019-10-22,2019-10,7,HV0003,Uber,22638,95636.97,24950937,379587.22,12372.16,332116.41,0.0,20574.25,2174,1236
2019-10-22,2019-10,8,HV0003,Uber,26289,104283.78,28791112,432473.37,14222.82,371916.26,0.0,26639.0,2935,1699
2019-10-22,2019-10,9,HV0003,Uber,21147,88809.81,23167795,352842.3,12616.68,299853.14,0.0,23260.75,2766,1588
2019-10-22,2019-10,10,HV0003,Uber,17724,78294.81,19890504,301746.41,11855.37,261092.08,0.0,20083.5,2632,1437
2019-10-22,2019-10,11,HV0003,Uber,17118,76797.56,19207370,302641.64,12490.82,255927.57,0.0,20699.0,2443,1294
2019-10-22,2019-10,12,HV0003,Uber,16310,76439.47,18331515,290857.2,11787.17,246281.0,0.0,18871.25,2557,1383
2019-10-22,2019-10,13,HV0003,Uber,16953,81625.21,18886902,303850.66,12661.17,257905.35,0.0,18336.75,2651,1428
2019-10-22,2019-10,14,HV0003,Uber,18934,89021.99,22005991,347374.17,14419.78,295191.02,0.0,19609.25,2788,1534
2019-10-22,2019-10,15,HV0003,Uber,20330,92113.57,25713903,381811.42,14976.84,327854.30000000005,0.0,21904.25,3030,1723
2019-10-22,2019-10,16,HV0003,Uber,23732,95831.03,30514078,419361.28,16808.0,369761.15,0.0,26320.75,3651,2263
2019-10-22,2019-10,17,HV0003,Uber,29310,107580.87,36765792,484797.56,18842.37,436059.65,0.0,34937.0,4591,3089
2019-10-22,2019-10,18,HV0003,Uber,30579,109986.14000000001,34503751,487198.43999999994,18836.38,428818.36,0.0,38942.0,4877,3431
2019-10-22,2019-10,19,HV0003,Uber,31479,123202.1,32259757,485375.74,17386.98,420416.46,0.0,38580.5,4852,3305
2019-10-22,2019-10,20,HV0003,Uber,33664,148301.4,34308296,581898.46,22189.74,497807.91000000003,0.0,42132.5,5048,3517
2019-10-22,2019-10,21,HV0003,Uber,29620,144508.97,31381080,594320.89,22619.44,495257.41,0.0,38884.0,4155,2924
2019-10-22,2019-10,22,HV0003,Uber,27461,130805.37,28070809,554582.06,19761.26,459935.05,0.0,36579.5,4051,3081
2019-10-22,2019-10,23,HV0003,Uber,19990,99436.2,19810953,335711.31,11436.26,288173.16,0.0,23425.5,3250,2253
2019-10-23,2019-10,0,HV0003,Uber,13166,64906.95,12145732,203093.3,6414.86,178297.16,0.0,13871.75,2470,1424
2019-10-23,2019-10,1,HV0003,Uber,6858,32236.5,5868443,96501.55,2482.92,85961.92,0.0,6419.75,1526,847
2019-10-23,2019-10,2,HV0003,Uber,4471,21906.44,3779175,62167.05,1644.52,55921.26,0.0,3976.25,961,490
2019-10-23,2019-10,3,HV0003,Uber,3270,17969.81,2849634,49921.67,1456.33,44198.44,0.0,2648.5,678,321
2019-10-23,2019-10,4,HV0003,Uber,4386,29816.34,4276180,82731.24,2900.46,71097.23,0.0,3724.5,734,341
2019-10-23,2019-10,5,HV0003,Uber,7591,53054.11,7989175,154466.51,6181.78,130847.21,0.0,7325.5,957,511
2019-10-23,2019-10,6,HV0003,Uber,13204,71940.08,14384993,240236.35,7760.86,209215.71,0.0,12619.25,1561,909
2019-10-23,2019-10,7,HV0003,Uber,23388,100304.54,27191722,409503.48,13041.68,365295.35,0.0,21081.5,2278,1394
2019-10-23,2019-10,8,HV0003,Uber,27049,104796.29,31848798,453886.78,15092.99,407212.78,0.0,26443.25,2993,1871
2019-10-23,2019-10,9,HV0003,Uber,22119,94068.06,26551640,384465.79,13781.900000000001,336672.36,0.0,24093.0,2728,1620
2019-10-23,2019-10,10,HV0003,Uber,17603,80364.92,20943017,314653.09,12501.2,272807.78,0.0,18661.75,2497,1355
2019-10-23,2019-10,11,HV0003,Uber,16209,76273.04,19795399,302639.16,12352.83,259976.18,0.0,18200.25,2285,1205
2019-10-23,2019-10,12,HV0003,Uber,16967,82051.79,20944001,322308.37,13970.41,277004.23,0.0,19022.25,2453,1342
2019-10-23,2019-10,13,HV0003,Uber,17535,87546.73999999999,22333259,338042.05,14029.13,293839.16000000003,0.0,18552.25,2606,1418
2019-10-23,2019-10,14,HV0003,Uber,19983,97807.73,28268739,406302.76,16141.2,358647.19,0.0,20840.5,2718,1521
2019-10-23,2019-10,15,HV0003,Uber,20503,93215.78,30707605,420529.5,17103.46,373682.35,0.0,21817.5,2968,1724
2019-10-23,2019-10,16,HV0003,Uber,21103,92318.34,30980216,423899.24,17647.62,373377.9,0.0,22622.75,3121,1861
2019-10-23,2019-10,17,HV0003,Uber,25955,104560.98999999999,35670490,475330.36,18311.37,423543.87,0.0,29234.75,3843,2546
2019-10-23,2019-10,18,HV0003,Uber,28743,112672.49,35535771,498085.18,19068.76,438606.84,0.0,33997.0,4255,2832
2019-10-23,2019-10,19,HV0003,Uber,27725,117153.61,30653779,464849.07,17202.87,400817.97,0.0,31887.25,4147,2771
2019-10-23,2019-10,20,HV0003,Uber,27174,142367.78,30385908,506469.06,20655.65,431627.62,0.0,32150.0,4124,2763
2019-10-23,2019-10,21,HV0003,Uber,27864,158915.95,32383770,559524.78,22620.4,475278.72,0.0,35000.25,3896,2680
2019-10-23,2019-10,22,HV0003,Uber,25601,143271.15000000002,28725403,521030.2,19941.269999999997,437668.32,0.0,32024.0,3784,2748
2019-10-23,2019-10,23,HV0003,Uber,20024,105684.63,21152731,352329.92,12092.17,305190.12,0.0,22693.75,3204,2193
2019-10-24,2019-10,0,HV0003,Uber,12966,67248.99,12930983,212293.9,6274.9,185425.2,0.0,13637.25,2449,1486
2019-10-24,2019-10,1,HV0003,Uber,7485,36296.49,6609991,110103.81,2883.1,96650.08,0.0,7626.5,1571,948
2019-10-24,2019-10,2,HV0003,Uber,4950,24096.9,4213934,70650.63,1839.9,62367.63,0.0,4841.0,1053,630
2019-10-24,2019-10,3,HV0003,Uber,3859,21743.14,3444440,60845.99,1808.47,53238.21,0.0,3146.75,776,392
2019-10-24,2019-10,4,HV0003,Uber,4986,34963.72,4998362,97984.47,3384.82,82929.2,0.0,4313.5,763,399
2019-10-24,2019-10,5,HV0003,Uber,7687,52495.520000000004,7997987,154920.0,5512.97,130440.91,0.0,7407.0,899,472
2019-10-24,2019-10,6,HV0003,Uber,13769,76650.85,15299322,253772.53,8464.98,221107.61,0.0,13333.25,1554,936
2019-10-24,2019-10,7,HV0003,Uber,23700,101539.9,27527774,411691.06,13650.89,366572.13,0.0,21154.0,2238,1314
2019-10-24,2019-10,8,HV0003,Uber,27128,106009.86,32625340,464623.97,15855.64,413919.39,0.0,26960.25,2812,1670
2019-10-24,2019-10,9,HV0003,Uber,22656,93370.02,27585983,395111.79,13159.91,345280.33,0.0,24278.0,2646,1499
2019-10-24,2019-10,10,HV0003,Uber,17930,80922.49,21960883,327157.04,12427.17,281505.78,0.0,19261.75,2418,1341
2019-10-24,2019-10,11,HV0003,Uber,16856,79705.31,20851072,320833.39,12936.32,273248.09,0.0,18323.0,2318,1189
2019-10-24,2019-10,12,HV0003,Uber,17034,83091.21,21768311,336708.22,14209.95,286056.22,0.0,18896.0,2263,1131
2019-10-24,2019-10,13,HV0003,Uber,17694,89783.7,23404258,360941.3,15423.11,308086.37,0.0,18525.5,2451,1338
2019-10-24,2019-10,14,HV0003,Uber,19894,96465.79,29020796,421045.43,17334.45,365126.72,0.0,20540.25,2575,1382
2019-10-24,2019-10,15,HV0003,Uber,21276,98775.23,34052429,465817.25,19664.25,410198.87,0.0,23093.75,2646,1461
2019-10-24,2019-10,16,HV0003,Uber,21974,96265.96,35444495,472230.54,19621.940000000002,422033.86000000004,0.0,23958.0,2783,1610
2019-10-24,2019-10,17,HV0003,Uber,26416,105606.24,39515509,524171.59,20725.27,471407.5,0.0,29297.5,3514,2218
2019-10-24,2019-10,18,HV0003,Uber,30732,118960.44,40064058,578868.9500000001,21907.13,506676.19,0.0,37134.0,3964,2655
2019-10-24,2019-10,19,HV0003,Uber,32010,136841.71,38160414,576453.59,21259.28,490353.2,0.0,39488.75,4177,2808
2019-10-24,2019-10,20,HV0003,Uber,29525,150760.03,34435443,570088.37,20902.84,480888.62,0.0,35623.5,3814,2530
2019-10-24,2019-10,21,HV0003,Uber,29988,167447.85,36354742,619347.94,24166.519999999997,525612.49,0.0,37735.25,3996,2796
2019-10-24,2019-10,22,HV0003,Uber,29005,158703.53,33922534,648621.74,23065.11,534887.25,0.0,37379.75,3822,2806
2019-10-24,2019-10,23,HV0003,Uber,24666,133014.68,27852310,474841.17,15349.099999999999,406669.8,0.0,30577.75,3502,2606
2019-10-25,2019-10,0,HV0003,Uber,16883,90893.0,17764816,297018.8,8430.31,256987.91,0.0,19873.75,2579,1599
2019-10-25,2019-10,1,HV0003,Uber,10602,54978.19,9960349,170307.99,4750.07,148801.85,0.0,11982.25,1776,1086
2019-10-25,2019-10,2,HV0003,Uber,7033,34572.32,6223151,103389.09,2652.85,91427.8,0.0,7557.25,1228,724
2019-10-25,2019-10,3,HV0003,Uber,5272,30406.2,4863513,86982.04,2317.7,76000.99,0.0,5146.75,906,476
2019-10-25,2019-10,4,HV0003,Uber,6086,41731.09,6277700,118539.5,3900.55,100920.42,0.0,5821.0,877,485
2019-10-25,2019-10,5,HV0003,Uber,8199,59219.56,8929677,170172.76,6210.79,144588.01,0.0,7669.5,1009,557
2019-10-25,2019-10,6,HV0003,Uber,13894,80958.51000000001,15918539,270825.02,9213.11,235585.15999999997,0.0,13101.5,1482,898
2019-10-25,2019-10,7,HV0003,Uber,23265,100937.17,26740685,410019.87,12261.22,364732.18,0.0,19491.5,2027,1116
2019-10-25,2019-10,8,HV0003,Uber,28046,113306.61,32266879,480391.96,14783.38,420819.1,0.0,25999.25,2753,1559
2019-10-25,2019-10,9,HV0003,Uber,23206,98701.78,26711484,398943.94999999995,13480.11,345899.32,0.0,24210.0,2497,1380
2019-10-25,2019-10,10,HV0003,Uber,18933,85560.62,22293953,338231.23,12695.35,292572.12,0.0,20223.5,2224,1140
2019-10-25,2019-10,11,HV0003,Uber,18270,87360.19,22226998,343060.88,13858.94,293604.83,0.0,20155.75,2221,1182
2019-10-25,2019-10,12,HV0003,Uber,19009,93349.38,23733046,369214.59,14866.04,315287.33,0.0,20601.25,2338,1279
2019-10-25,2019-10,13,HV0003,Uber,20421,99613.19,25503336,398743.19999999995,15257.01,338139.79000000004,0.0,20818.5,2670,1575
2019-10-25,2019-10,14,HV0003,Uber,22484,105139.91,31122179,455117.36,17880.24,391374.72,0.0,22684.5,2904,1703
2019-10-25,2019-10,15,HV0003,Uber,20746,94959.17,31267636,458924.74,18353.68,383880.69,0.0,22431.5,2572,1442
2019-10-25,2019-10,16,HV0003,Uber,23051,98597.16,33122195,476092.08999999997,18140.6,401159.05,0.0,24657.75,2798,1623
2019-10-25,2019-10,17,HV0003,Uber,28216,112244.59,37290523,521552.17,18442.95,449013.29,0.0,29989.5,3578,2250
2019-10-25,2019-10,18,HV0003,Uber,32562,129338.12,40069185,575226.94,20017.02,496853.95,0.0,36469.0,3909,2700
2019-10-25,2019-10,19,HV0003,Uber,34419,134658.05,38598440,565487.13,18427.87,491762.19,0.0,39789.75,3849,2701
2019-10-25,2019-10,20,HV0003,Uber,33211,143145.41,36041282,537307.91,17075.55,473974.02,0.0,38150.0,3764,2585
2019-10-25,2019-10,21,HV0003,Uber,32413,147905.95,35253679,531741.47,17589.9,471737.63,0.0,36790.25,3684,2620
2019-10-25,2019-10,22,HV0003,Uber,34143,162938.75,38292260,588934.74,17891.49,518323.07,0.0,39345.75,3941,3117
2019-10-25,2019-10,23,HV0003,Uber,34966,162676.77,38691981,609855.12,17975.04,529688.43,0.0,40943.0,4209,3638
2019-10-26,2019-10,0,HV0003,Uber,30674,146389.22999999998,32298072,514725.08,13719.03,451197.98,0.0,34222.25,3996,3156
2019-10-26,2019-10,1,HV0003,Uber,24218,114956.67,23483235,370380.08,9582.11,327432.41,0.0,26263.25,3361,2676
2019-10-26,2019-10,2,HV0003,Uber,18978,92156.18,17807150,292054.46,6418.7,255708.45,0.0,20897.5,2754,2152
2019-10-26,2019-10,3,HV0003,Uber,14920,77646.37,14087467,246368.67,4728.21,214576.44,0.0,15776.5,2072,1554
2019-10-26,2019-10,4,HV0003,Uber,11506,65145.78,11158006,209571.87,4447.38,182691.11,0.0,10522.5,1647,1098
2019-10-26,2019-10,5,HV0003,Uber,8635,56886.17,8959223,168345.75,4746.2,146210.86,0.0,7288.0,1241,787
2019-10-26,2019-10,6,HV0003,Uber,9674,61014.69,9731116,172563.85,5402.63,151080.04,0.0,8586.5,1427,838
2019-10-26,2019-10,7,HV0003,Uber,12530,72570.33,12484396,218420.09,7097.18,189885.43,0.0,11407.75,1657,913
2019-10-26,2019-10,8,HV0003,Uber,16351,84833.28,16103702,261894.91,8567.83,234096.9,0.0,14555.0,2128,1282
2019-10-26,2019-10,9,HV0003,Uber,19739,90794.16,19430203,303631.94,10640.43,273574.74,0.0,19266.25,2384,1468
2019-10-26,2019-10,10,HV0003,Uber,20978,93757.14,21334897,326813.44,11620.84,290914.67,0.0,21672.25,2411,1416
2019-10-26,2019-10,11,HV0003,Uber,22722,100958.82,24149361,365813.63,13846.35,323259.66,0.0,24499.75,2504,1557
2019-10-26,2019-10,12,HV0003,Uber,24035,102011.19,26331708,387478.33,13589.77,342930.6,0.0,26109.75,2653,1673
2019-10-26,2019-10,13,HV0003,Uber,24689,103328.67,27485696,396721.56,13279.94,353377.25,0.0,26647.5,2934,1893
2019-10-26,2019-10,14,HV0003,Uber,24997,108651.6,29305231,426453.33,14472.21,375916.14,0.0,26395.75,2943,1976
2019-10-26,2019-10,15,HV0003,Uber,25879,109958.24,30794280,437589.12,14398.55,389204.49,0.0,26946.25,3003,1984
2019-10-26,2019-10,16,HV0003,Uber,27418,112143.4,32553757,457901.06,15494.36,406966.31,0.0,29567.0,3245,2175
2019-10-26,2019-10,17,HV0003,Uber,30504,129685.18,37689370,530178.52,18732.74,472809.73,0.0,34966.25,3290,2319
2019-10-26,2019-10,18,HV0003,Uber,33959,137382.81,41879606,585188.73,19591.17,524478.23,0.0,38493.5,3654,2723
2019-10-26,2019-10,19,HV0003,Uber,37710,146789.46,43773423,633745.82,19551.48,565250.16,0.0,43587.5,3897,3006
2019-10-26,2019-10,20,HV0003,Uber,37286,151469.45,41554605,590931.2699999999,17768.18,541896.89,0.0,41742.0,3794,2876
2019-10-26,2019-10,21,HV0003,Uber,37166,156518.09,41560816,578494.5,16417.89,534889.76,0.0,42269.5,3859,3185
2019-10-26,2019-10,22,HV0003,Uber,38542,168534.26,44552477,648891.88,17646.04,586341.55,0.0,44493.75,4024,3611
2019-10-26,2019-10,23,HV0003,Uber,40381,172382.58,46164071,807584.31,20376.02,702972.29,0.0,46495.0,4270,4092
2019-10-27,2019-10,0,HV0003,Uber,37092,164767.82,39945005,695085.84,16494.18,612383.35,0.0,41611.0,4183,3506
2019-10-27,2019-10,1,HV0003,Uber,31573,149158.18,31543727,563298.0700000001,12076.34,487175.75,0.0,34189.5,3792,3307
2019-10-27,2019-10,2,HV0003,Uber,26095,130424.09,25269973,494512.89,9920.3,423876.25,0.0,27318.25,3285,2817
2019-10-27,2019-10,3,HV0003,Uber,20722,110335.58,19982082,393430.19,6915.8,338357.3,0.0,20820.25,2730,2236
2019-10-27,2019-10,4,HV0003,Uber,15654,87744.08,15225110,315913.73,5762.08,269512.72,0.0,14222.75,2111,1592
2019-10-27,2019-10,5,HV0003,Uber,11057,69808.12,11121066,235073.85,5592.16,198895.91,0.0,9408.5,1472,1012
2019-10-27,2019-10,6,HV0003,Uber,9665,63603.12,9834253,192229.26,5928.78,164391.13,0.0,8615.5,1393,839
2019-10-27,2019-10,7,HV0003,Uber,11691,65618.35,11108525,205812.03,6567.87,179504.43,0.0,10408.25,1719,1051
2019-10-27,2019-10,8,HV0003,Uber,14932,76257.29,13716213,240934.4,8486.44,209631.37,0.0,14176.25,2069,1281
2019-10-27,2019-10,9,HV0003,Uber,19931,91275.5,17981870,301154.69,11236.0,266454.67,0.0,20807.5,2464,1537
2019-10-27,2019-10,10,HV0003,Uber,25834,103367.91,23436668,396285.38,14432.71,349606.4,0.0,30185.5,2804,1874
2019-10-27,2019-10,11,HV0003,Uber,31500,120153.53,30321868,529148.97,19498.6,478451.42,0.0,39227.0,3361,2306
2019-10-27,2019-10,12,HV0003,Uber,34408,126845.42,35938772,619754.64,22328.57,563153.25,0.0,43677.0,3469,2481
2019-10-27,2019-10,13,HV0003,Uber,32881,128236.27,34036132,589264.9,19781.22,523854.88,0.0,40460.0,3612,2509
2019-10-27,2019-10,14,HV0003,Uber,25802,117969.89,28177999,453649.64,16182.14,384690.41000000003,0.0,28821.75,2780,1751
2019-10-27,2019-10,15,HV0003,Uber,23332,110187.5,25672614,419224.06,13675.15,352354.08,0.0,24351.75,2562,1552
2019-10-27,2019-10,16,HV0003,Uber,23307,114243.43,26203524,430539.32,14181.97,361031.35,0.0,25095.5,2766,1745
2019-10-27,2019-10,17,HV0003,Uber,23397,113517.20000000001,25692067,419224.79000000004,14835.599999999999,354044.14,0.0,25494.75,2766,1782
2019-10-27,2019-10,18,HV0003,Uber,25489,116352.92,26854232,428341.38,13847.98,367601.94,0.0,28114.25,2951,1899
2019-10-27,2019-10,19,HV0003,Uber,24128,111704.87,24157467,390834.95,12591.11,338748.33,0.0,24906.75,3080,2066
2019-10-27,2019-10,20,HV0003,Uber,22327,107066.56,21640409,357648.86000000004,10775.19,310520.48,0.0,22516.0,2979,1947
2019-10-27,2019-10,21,HV0003,Uber,21152,103149.16,19761442,333459.62,10067.5,291304.18,0.0,20987.5,2880,1849
2019-10-27,2019-10,22,HV0003,Uber,18898,95439.66,17548109,297366.25,8471.25,260595.16,0.0,17847.5,2900,1979
2019-10-27,2019-10,23,HV0003,Uber,15619,79874.76000000001,14166692,239152.03,6224.780000000001,211861.75,0.0,13439.25,2578,1725
2019-10-28,2019-10,0,HV0003,Uber,11048,59112.31,9938403,169914.53,4246.74,150614.59,0.0,8369.75,2165,1247
2019-10-28,2019-10,1,HV0003,Uber,6380,31961.18,5441554,90588.65,2006.92,81265.59,0.0,4708.5,1309,755
2019-10-28,2019-10,2,HV0003,Uber,4090,19903.67,3351341,55989.05,1200.03,50393.92,0.0,2896.5,876,418
2019-10-28,2019-10,3,HV0003,Uber,3418,19458.26,2970235,54075.68,1295.02,47527.1,0.0,2365.75,605,257
2019-10-28,2019-10,4,HV0003,Uber,4916,35007.68,4898973,108324.05,3450.93,89311.56,0.0,4141.0,618,319
2019-10-28,2019-10,5,HV0003,Uber,8178,60202.0,8847464,183062.38,6679.77,153170.7,0.0,7590.75,906,461
2019-10-28,2019-10,6,HV0003,Uber,13394,82332.49,15785219,305820.42,9620.34,258694.24,0.0,12365.75,1365,804
2019-10-28,2019-10,7,HV0003,Uber,21864,100427.4,26033143,445058.11,13378.2,388682.30000000005,0.0,18673.25,2158,1297
2019-10-28,2019-10,8,HV0003,Uber,26296,109989.69,31799679,495556.46,15081.54,443907.8,0.0,24384.5,2909,1742
2019-10-28,2019-10,9,HV0003,Uber,21583,95204.79,25624554,383723.75,13994.87,333869.39,0.0,22335.0,2702,1515
2019-10-28,2019-10,10,HV0003,Uber,17155,80591.29000000001,20366287,308286.70999999996,11727.650000000001,267673.31,0.0,17881.5,2451,1362
2019-10-28,2019-10,11,HV0003,Uber,16001,77982.15,19224362,294595.07,12081.17,256512.47,0.0,17238.5,2213,1190
2019-10-28,2019-10,12,HV0003,Uber,16037,77304.51,18726317,290713.88,12033.37,251504.38999999998,0.0,16920.0,2358,1230
2019-10-28,2019-10,13,HV0003,Uber,16556,80086.6,19080451,298238.67,11521.52,257648.06,0.0,16613.0,2558,1442
2019-10-28,2019-10,14,HV0003,Uber,18168,89490.31,22465542,348558.72,13498.0,297461.49,0.0,18091.5,2570,1400
2019-10-28,2019-10,15,HV0003,Uber,20396,96070.21,27061566,396785.1,15241.72,344682.24,0.0,21314.25,2941,1744
2019-10-28,2019-10,16,HV0003,Uber,20831,90710.97,27476600,382343.95,14132.87,338483.97,0.0,21251.25,3035,1832
2019-10-28,2019-10,17,HV0003,Uber,23737,96529.41,29529451,409674.27,15412.18,362772.77,0.0,25427.0,3615,2316
2019-10-28,2019-10,18,HV0003,Uber,26110,102402.44,29546756,424677.94,15891.77,370724.37,0.0,29984.25,4023,2603
2019-10-28,2019-10,19,HV0003,Uber,23884,103154.02,24198252,383875.03,13526.02,327262.18,0.0,25537.75,3898,2510
2019-10-28,2019-10,20,HV0003,Uber,22882,119112.12,23490181,414411.1,16386.17,344310.73000000004,0.0,26209.5,3736,2447
2019-10-28,2019-10,21,HV0003,Uber,22750,125402.32,23529589,428014.78,16154.33,354122.38,0.0,27943.0,3413,2248
2019-10-28,2019-10,22,HV0003,Uber,19718,101174.86,19678028,341952.91,12019.89,287990.68,0.0,23033.5,3269,2220
2019-10-28,2019-10,23,HV0003,Uber,15753,80051.8,15087477,255527.29,7961.42,218881.31,0.0,16177.0,2952,1948
2019-10-29,2019-10,0,HV0003,Uber,10503,53761.25,9658193,164551.2,4838.13,142515.87,0.0,9930.25,2230,1311
2019-10-29,2019-10,1,HV0003,Uber,6178,29937.79,5319040,89537.41,2649.79,77840.77,0.0,5743.25,1387,755
2019-10-29,2019-10,2,HV0003,Uber,4084,19493.57,3419109,57228.97,1456.17,50896.99,0.0,3627.5,891,430
2019-10-29,2019-10,3,HV0003,Uber,3117,17196.23,2716386,48982.97,1379.56,42215.15,0.0,2442.5,651,293
2019-10-29,2019-10,4,HV0003,Uber,4406,29647.21,4355931,84791.64,2670.44,71086.93,0.0,3882.0,709,336
2019-10-29,2019-10,5,HV0003,Uber,7387,47873.06,7434173,143487.42,4986.36,118755.65,0.0,6954.25,962,513
2019-10-29,2019-10,6,HV0003,Uber,12882,69516.8,14004842,236833.81,7498.63,201882.35,0.0,12412.5,1450,853
2019-10-29,2019-10,7,HV0003,Uber,22706,94947.24,26192659,397689.55,12483.55,343103.03,0.0,21165.75,2151,1229
2019-10-29,2019-10,8,HV0003,Uber,26869,101527.88,31210651,453666.9,14288.38,391147.69000000006,0.0,26946.0,2923,1744
2019-10-29,2019-10,9,HV0003,Uber,22219,89040.18,25767297,380850.12,12621.47,324114.69,0.0,23869.75,2764,1577
2019-10-29,2019-10,10,HV0003,Uber,18147,77828.35,20562975,314539.13,11811.72,266605.2,0.0,19496.75,2527,1386
2019-10-29,2019-10,11,HV0003,Uber,16566,73645.76999999999,19397849,295072.4,12284.21,251721.22999999998,0.0,18473.5,2364,1238
2019-10-29,2019-10,12,HV0003,Uber,17914,76764.11,20635391,313619.26,12590.94,268057.08,0.0,19883.25,2715,1438
2019-10-29,2019-10,13,HV0003,Uber,18645,81956.02,21994383,333278.52,12317.41,285536.63,0.0,20621.0,2805,1528
2019-10-29,2019-10,14,HV0003,Uber,20570,90045.58,25582548,381775.52,14863.05,326338.45,0.0,21535.0,2815,1599
2019-10-29,2019-10,15,HV0003,Uber,21455,89296.49,28850076,408271.95,15780.4,352519.31,0.0,23691.25,2964,1685
2019-10-29,2019-10,16,HV0003,Uber,22799,88675.01,31186277,420168.5,16282.31,369811.17,0.0,25422.75,3292,1972
2019-10-29,2019-10,17,HV0003,Uber,27962,101620.23,37662800,488464.82,18383.77,442008.24,0.0,32214.75,3989,2628
2019-10-29,2019-10,18,HV0003,Uber,30438,106081.98000000001,37724642,541368.1000000001,17972.31,483316.28,0.0,37036.5,4387,2991
2019-10-29,2019-10,19,HV0003,Uber,30082,117874.93,33315915,502454.71,17253.38,434078.61,0.0,36355.0,4376,2905
2019-10-29,2019-10,20,HV0003,Uber,27153,135581.4,30526582,509150.67,19147.78,427187.65,0.0,32850.25,3805,2503
2019-10-29,2019-10,21,HV0003,Uber,25880,141993.57,29016483,528518.5,19947.06,435774.56,0.0,32628.25,3697,2522
2019-10-29,2019-10,22,HV0003,Uber,23423,129104.18,25863919,482135.0,16870.74,398030.97,0.0,29273.75,3425,2393
2019-10-29,2019-10,23,HV0003,Uber,17599,91693.13,17806020,310287.47,10185.57,259475.9,0.0,19673.0,2863,1949
2019-10-30,2019-10,0,HV0003,Uber,11816,59682.2,11014583,188343.84,5311.05,160351.84,0.0,11821.0,2350,1393
2019-10-30,2019-10,1,HV0003,Uber,6981,34266.51,6061118,103655.99,2696.36,89630.66,0.0,6746.0,1499,881
2019-10-30,2019-10,2,HV0003,Uber,4346,21352.59,3713615,62670.22,1525.94,55379.75,0.0,4108.25,920,499
2019-10-30,2019-10,3,HV0003,Uber,3455,19618.17,3101197,56246.47,1523.75,48461.18,0.0,2906.25,657,334
2019-10-30,2019-10,4,HV0003,Uber,4264,28486.11,4298135,81160.12,2782.01,68880.17,0.0,3680.5,705,369
2019-10-30,2019-10,5,HV0003,Uber,7126,46743.34,7232333,140054.61,5085.42,116653.44,0.0,6806.25,954,507
2019-10-30,2019-10,6,HV0003,Uber,13149,69431.1,14422720,239277.27,7814.58,205553.32,0.0,12835.75,1456,811
2019-10-30,2019-10,7,HV0003,Uber,22959,91692.33,26417559,399945.66000000003,12545.529999999999,349564.85,0.0,21281.5,2210,1293
2019-10-30,2019-10,8,HV0003,Uber,27691,101184.97,31629395,479728.63,14870.49,414551.12,0.0,28214.0,2845,1670
2019-10-30,2019-10,9,HV0003,Uber,22646,89458.09,26295314,386939.16,12536.75,333128.92,0.0,24882.0,2711,1539
2019-10-30,2019-10,10,HV0003,Uber,18015,79470.99,21038292,318054.69,11855.99,272918.35,0.0,19493.75,2426,1326
2019-10-30,2019-10,11,HV0003,Uber,16324,72649.34,18982858,293265.61,11552.13,248426.06,0.0,18268.25,2267,1190
2019-10-30,2019-10,12,HV0003,Uber,17011,78950.99,19899376,314418.23,12024.75,265131.32,0.0,18598.5,2436,1279
2019-10-30,2019-10,13,HV0003,Uber,17997,83711.25,21699130,336052.97,13637.59,285112.57,0.0,18734.5,2674,1546
2019-10-30,2019-10,14,HV0003,Uber,19819,90962.75,26036599,385317.80000000005,14802.95,330449.72,0.0,20209.5,2857,1657
2019-10-30,2019-10,15,HV0003,Uber,21051,94403.41,29482609,426437.34,16874.16,365638.92,0.0,22239.25,3017,1678
2019-10-30,2019-10,16,HV0003,Uber,21597,91817.3,29665288,426655.06,16090.43,361817.96,0.0,22855.5,3139,1820
2019-10-30,2019-10,17,HV0003,Uber,25958,103963.76,33952744,476639.41000000003,17869.559999999998,411231.59,0.0,28725.5,3813,2289
2019-10-30,2019-10,18,HV0003,Uber,29197,111341.25,34720616,489945.16,17551.74,426179.95,0.0,34174.75,4375,2788
2019-10-30,2019-10,19,HV0003,Uber,28178,123734.14,30868492,489034.5,17164.83,411336.36,0.0,31918.5,4061,2280
2019-10-30,2019-10,20,HV0003,Uber,26966,141541.87,29487605,512553.41000000003,18825.73,424816.23,0.0,31047.5,3919,2266
2019-10-30,2019-10,21,HV0003,Uber,27392,152921.92,30357738,539651.95,19771.92,446803.45,0.0,33996.25,3945,2447
2019-10-30,2019-10,22,HV0003,Uber,25940,145888.28,28530197,516768.42,18638.33,430001.26999999996,0.0,31692.0,3780,2531
2019-10-30,2019-10,23,HV0003,Uber,20701,114506.92,21627642,380752.26,12337.19,320820.17,0.0,23008.25,3260,2072
2019-10-31,2019-10,0,HV0003,Uber,15907,86188.41,15971092,273134.67,8250.38,235472.86,0.0,16984.0,2789,1614
2019-10-31,2019-10,1,HV0003,Uber,9235,43810.15,8278162,138808.23,3784.53,120287.11,0.0,9489.0,1788,1019
2019-10-31,2019-10,2,HV0003,Uber,5710,28353.14,5088963,85529.18,2398.04,75525.92,0.0,5545.0,1201,686
2019-10-31,2019-10,3,HV0003,Uber,4290,24227.77,3997381,70266.5,2104.37,61190.85,0.0,3624.0,795,392
2019-10-31,2019-10,4,HV0003,Uber,5121,34976.05,5262422,100275.74,3296.26,85282.53,0.0,4592.75,817,457
2019-10-31,2019-10,5,HV0003,Uber,8425,54780.03,9084663,167727.77,5490.6,142812.05,0.0,8184.25,1078,624
2019-10-31,2019-10,6,HV0003,Uber,15161,78440.58,17093756,286681.0,8445.58,250180.11,0.0,14241.5,1625,1016
2019-10-31,2019-10,7,HV0003,Uber,25569,99843.12,28787483,456993.6,12971.74,403047.95,0.0,21903.0,2329,1411
2019-10-31,2019-10,8,HV0003,Uber,31666,110526.34,36048359,548508.74,15404.269999999999,483403.2,0.0,29822.75,3352,2153
2019-10-31,2019-10,9,HV0003,Uber,27903,101217.81,31557592,469600.24,14494.59,409561.35,0.0,29080.25,3288,2006
2019-10-31,2019-10,10,HV0003,Uber,19593,80918.85,22266261,333960.84,11937.67,284492.86,0.0,20241.0,2636,1477
2019-10-31,2019-10,11,HV0003,Uber,19912,84628.83,23262662,353425.57,12962.87,300238.11,0.0,22840.5,2467,1325
2019-10-31,2019-10,12,HV0003,Uber,19601,86338.44,22768620,350027.45,12905.93,298372.72,0.0,21793.25,2454,1334
2019-10-31,2019-10,13,HV0003,Uber,19114,86488.22,21802316,346670.72,12636.75,289817.32,0.0,19287.25,2555,1405
2019-10-31,2019-10,14,HV0003,Uber,21608,98884.82,27069106,415818.38,14791.85,348703.19,0.0,20375.75,2795,1558
2019-10-31,2019-10,15,HV0003,Uber,22684,99002.37,29757548,444324.5,15683.990000000002,370073.32,0.0,21830.25,2989,1694
2019-10-31,2019-10,16,HV0003,Uber,24043,97417.58,30379856,444066.64,14122.92,371367.87,0.0,22570.75,3084,1823
2019-10-31,2019-10,17,HV0003,Uber,27249,104254.84999999999,32426030,467083.85,14889.810000000001,395030.02,0.0,26826.5,3622,2333
2019-10-31,2019-10,18,HV0003,Uber,29958,114327.43,33504272,493666.66,15199.47,416010.8,0.0,31015.0,4054,2623
2019-10-31,2019-10,19,HV0003,Uber,29683,120151.0,30651519,480259.73,14854.17,401890.76,0.0,30769.25,3719,2381
2019-10-31,2019-10,20,HV0003,Uber,30791,135455.93,31425988,504812.74,14941.98,424361.46,0.0,33371.75,4156,2840
2019-10-31,2019-10,21,HV0003,Uber,30362,137042.5,31501912,501708.81,15206.41,423098.4,0.0,34572.25,4241,3114
2019-10-31,2019-10,22,HV0003,Uber,29764,136223.61000000002,31140438,500200.23,13391.650000000001,421369.99,0.0,33879.0,4114,3218
2019-10-31,2019-10,23,HV0003,Uber,28302,131992.26,29594801,469231.25,13279.49,403849.34,0.0,33205.0,3732,2943
