pickup_date,pickup_month,dispatching_base,trips
2015-01-01,2015-01,B02512,1275
2015-01-01,2015-01,B02598,7029
2015-01-01,2015-01,B02617,9845
2015-01-01,2015-01,B02682,7715
2015-01-01,2015-01,B02764,30347
2015-01-01,2015-01,B02765,1834
2015-01-02,2015-01,B02512,933
2015-01-02,2015-01,B02598,4825
2015-01-02,2015-01,B02617,7332
2015-01-02,2015-01,B02682,5540
2015-01-02,2015-01,B02764,20617
2015-01-02,2015-01,B02765,1040
2015-01-03,2015-01,B02512,1157
2015-01-03,2015-01,B02598,7437
2015-01-03,2015-01,B02617,11001
2015-01-03,2015-01,B02682,8090
2015-01-03,2015-01,B02764,30598
2015-01-03,2015-01,B02765,1561
2015-01-04,2015-01,B02512,848
2015-01-04,2015-01,B02598,5295
2015-01-04,2015-01,B02617,8017
2015-01-04,2015-01,B02682,5655
2015-01-04,2015-01,B02764,21110
2015-01-04,2015-01,B02765,1018
2015-01-05,2015-01,B02512,1063
2015-01-05,2015-01,B02598,5801
2015-01-05,2015-01,B02617,8075
2015-01-05,2015-01,B02682,6102
2015-01-05,2015-01,B02764,21506
2015-01-05,2015-01,B02765,1131
2015-01-06,2015-01,B02512,1399
2015-01-06,2015-01,B02598,6797
2015-01-06,2015-01,B02617,10383
2015-01-06,2015-01,B02682,7609
2015-01-06,2015-01,B02764,25974
2015-01-06,2015-01,B02765,1377
2015-01-07,2015-01,B02512,1532
2015-01-07,2015-01,B02598,8334
2015-01-07,2015-01,B02617,11794
2015-01-07,2015-01,B02682,9225
2015-01-07,2015-01,B02764,30748
2015-01-07,2015-01,B02765,1742
2015-01-08,2015-01,B02512,1907
2015-01-08,2015-01,B02598,10155
2015-01-08,2015-01,B02617,13853
2015-01-08,2015-01,B02682,10532
2015-01-08,2015-01,B02764,34615
2015-01-08,2015-01,B02765,1954
2015-01-09,2015-01,B02512,1713
2015-01-09,2015-01,B02598,9584
2015-01-09,2015-01,B02617,13532
2015-01-09,2015-01,B02682,10622
2015-01-09,2015-01,B02764,34577
2015-01-09,2015-01,B02765,2096
2015-01-10,2015-01,B02512,1810
2015-01-10,2015-01,B02598,10383
2015-01-10,2015-01,B02617,14242
2015-01-10,2015-01,B02682,11786
2015-01-10,2015-01,B02764,40187
2015-01-10,2015-01,B02765,2248
2015-01-11,2015-01,B02512,1255
2015-01-11,2015-01,B02598,7374
2015-01-11,2015-01,B02617,11254
2015-01-11,2015-01,B02682,8611
2015-01-11,2015-01,B02764,28581
2015-01-11,2015-01,B02765,1676
2015-01-12,2015-01,B02512,1530
2015-01-12,2015-01,B02598,7885
2015-01-12,2015-01,B02617,10919
2015-01-12,2015-01,B02682,9232
2015-01-12,2015-01,B02764,27665
2015-01-12,2015-01,B02765,1760
2015-01-13,2015-01,B02512,1800
2015-01-13,2015-01,B02598,8611
2015-01-13,2015-01,B02617,12049
2015-01-13,2015-01,B02682,9775
2015-01-13,2015-01,B02764,30788
2015-01-13,2015-01,B02765,1742
2015-01-14,2015-01,B02512,1720
2015-01-14,2015-01,B02598,8809
2015-01-14,2015-01,B02617,12202
2015-01-14,2015-01,B02682,9899
2015-01-14,2015-01,B02764,30473
2015-01-14,2015-01,B02765,1622
2015-01-15,2015-01,B02512,1753
2015-01-15,2015-01,B02598,9129
2015-01-15,2015-01,B02617,12888
2015-01-15,2015-01,B02682,10484
2015-01-15,2015-01,B02764,32136
2015-01-15,2015-01,B02765,1821
2015-01-16,2015-01,B02512,1630
2015-01-16,2015-01,B02598,9839
2015-01-16,2015-01,B02617,13283
2015-01-16,2015-01,B02682,11385
2015-01-16,2015-01,B02764,35910
2015-01-16,2015-01,B02765,2146
2015-01-17,2015-01,B02512,1382
2015-01-17,2015-01,B02598,9587
2015-01-17,2015-01,B02617,13102
2015-01-17,2015-01,B02682,11414
2015-01-17,2015-01,B02764,37689
2015-01-17,2015-01,B02765,2190
2015-01-18,2015-01,B02512,1677
2015-01-18,2015-01,B02598,9552
2015-01-18,2015-01,B02617,13301
2015-01-18,2015-01,B02682,11303
2015-01-18,2015-01,B02764,36356
2015-01-18,2015-01,B02765,2334
2015-01-19,2015-01,B02512,1129
2015-01-19,2015-01,B02598,5558
2015-01-19,2015-01,B02617,8015
2015-01-19,2015-01,B02682,7155
2015-01-19,2015-01,B02764,23581
2015-01-19,2015-01,B02765,1587
2015-01-20,2015-01,B02512,1411
2015-01-20,2015-01,B02598,7156
2015-01-20,2015-01,B02617,10171
2015-01-20,2015-01,B02682,8647
2015-01-20,2015-01,B02764,26829
2015-01-20,2015-01,B02765,1653
2015-01-21,2015-01,B02512,1612
2015-01-21,2015-01,B02598,7947
2015-01-21,2015-01,B02617,11262
2015-01-21,2015-01,B02682,9567
2015-01-21,2015-01,B02764,28175
2015-01-21,2015-01,B02765,1820
2015-01-22,2015-01,B02512,1665
2015-01-22,2015-01,B02598,8979
2015-01-22,2015-01,B02617,12414
2015-01-22,2015-01,B02682,10785
2015-01-22,2015-01,B02764,30919
2015-01-22,2015-01,B02765,2057
2015-01-23,2015-01,B02512,1809
2015-01-23,2015-01,B02598,9333
2015-01-23,2015-01,B02617,13365
2015-01-23,2015-01,B02682,11914
2015-01-23,2015-01,B02764,34745
2015-01-23,2015-01,B02765,2197
2015-01-24,2015-01,B02512,1740
2015-01-24,2015-01,B02598,10009
2015-01-24,2015-01,B02617,14549
2015-01-24,2015-01,B02682,13539
2015-01-24,2015-01,B02764,40325
2015-01-24,2015-01,B02765,2426
2015-01-25,2015-01,B02512,1312
2015-01-25,2015-01,B02598,7220
2015-01-25,2015-01,B02617,10646
2015-01-25,2015-01,B02682,9455
2015-01-25,2015-01,B02764,28980
2015-01-25,2015-01,B02765,1769
2015-01-26,2015-01,B02512,1054
2015-01-26,2015-01,B02598,5862
2015-01-26,2015-01,B02617,7820
2015-01-26,2015-01,B02682,7640
2015-01-26,2015-01,B02764,20553
2015-01-26,2015-01,B02765,1381
2015-01-27,2015-01,B02512,683
2015-01-27,2015-01,B02598,2942
2015-01-27,2015-01,B02617,4425
2015-01-27,2015-01,B02682,4511
2015-01-27,2015-01,B02764,12455
2015-01-27,2015-01,B02765,938
2015-01-28,2015-01,B02512,1530
2015-01-28,2015-01,B02598,7957
2015-01-28,2015-01,B02617,11015
2015-01-28,2015-01,B02682,10116
2015-01-28,2015-01,B02764,29084
2015-01-28,2015-01,B02765,1924
2015-01-29,2015-01,B02512,1767
2015-01-29,2015-01,B02598,9443
2015-01-29,2015-01,B02617,12841
2015-01-29,2015-01,B02682,11619
2015-01-29,2015-01,B02764,32673
2015-01-29,2015-01,B02765,2098
2015-01-30,2015-01,B02512,2136
2015-01-30,2015-01,B02598,11136
2015-01-30,2015-01,B02617,15110
2015-01-30,2015-01,B02682,13959
2015-01-30,2015-01,B02764,40445
2015-01-30,2015-01,B02765,2779
2015-01-31,2015-01,B02512,1984
2015-01-31,2015-01,B02598,11652
2015-01-31,2015-01,B02617,16143
2015-01-31,2015-01,B02682,15485
2015-01-31,2015-01,B02764,45866
2015-01-31,2015-01,B02765,3318
2015-02-01,2015-02,B02512,1511
2015-02-01,2015-02,B02598,9456
2015-02-01,2015-02,B02617,13790
2015-02-01,2015-02,B02682,12533
2015-02-01,2015-02,B02764,38656
2015-02-01,2015-02,B02765,2646
2015-02-02,2015-02,B02512,1965
2015-02-02,2015-02,B02598,9308
2015-02-02,2015-02,B02617,12529
2015-02-02,2015-02,B02682,12081
2015-02-02,2015-02,B02764,31691
2015-02-02,2015-02,B02765,2619
2015-02-03,2015-02,B02512,2086
2015-02-03,2015-02,B02598,9473
2015-02-03,2015-02,B02617,12903
2015-02-03,2015-02,B02682,12134
2015-02-03,2015-02,B02764,32542
2015-02-03,2015-02,B02765,2394
2015-02-04,2015-02,B02512,1748
2015-02-04,2015-02,B02598,9476
2015-02-04,2015-02,B02617,12268
2015-02-04,2015-02,B02682,11467
2015-02-04,2015-02,B02764,30974
2015-02-04,2015-02,B02765,2304
2015-02-05,2015-02,B02512,2145
2015-02-05,2015-02,B02598,11482
2015-02-05,2015-02,B02617,14824
2015-02-05,2015-02,B02682,13876
2015-02-05,2015-02,B02764,36995
2015-02-05,2015-02,B02765,3014
2015-02-06,2015-02,B02512,2172
2015-02-06,2015-02,B02598,11756
2015-02-06,2015-02,B02617,15702
2015-02-06,2015-02,B02682,14525
2015-02-06,2015-02,B02764,39846
2015-02-06,2015-02,B02765,3567
2015-02-07,2015-02,B02512,1637
2015-02-07,2015-02,B02598,10426
2015-02-07,2015-02,B02617,13937
2015-02-07,2015-02,B02682,13600
2015-02-07,2015-02,B02764,39699
2015-02-07,2015-02,B02765,3453
2015-02-08,2015-02,B02512,1321
2015-02-08,2015-02,B02598,8098
2015-02-08,2015-02,B02617,11202
2015-02-08,2015-02,B02682,10491
2015-02-08,2015-02,B02764,30596
2015-02-08,2015-02,B02765,2619
2015-02-09,2015-02,B02512,1666
2015-02-09,2015-02,B02598,8059
2015-02-09,2015-02,B02617,11172
2015-02-09,2015-02,B02682,10367
2015-02-09,2015-02,B02764,29172
2015-02-09,2015-02,B02765,2870
2015-02-10,2015-02,B02512,1676
2015-02-10,2015-02,B02598,8601
2015-02-10,2015-02,B02617,11636
2015-02-10,2015-02,B02682,10730
2015-02-10,2015-02,B02764,30079
2015-02-10,2015-02,B02765,3475
2015-02-11,2015-02,B02512,1944
2015-02-11,2015-02,B02598,9901
2015-02-11,2015-02,B02617,13003
2015-02-11,2015-02,B02682,12366
2015-02-11,2015-02,B02764,32730
2015-02-11,2015-02,B02765,3798
2015-02-12,2015-02,B02512,2218
2015-02-12,2015-02,B02598,11531
2015-02-12,2015-02,B02617,14547
2015-02-12,2015-02,B02682,14031
2015-02-12,2015-02,B02764,37781
2015-02-12,2015-02,B02765,4643
2015-02-13,2015-02,B02512,2585
2015-02-13,2015-02,B02598,12881
2015-02-13,2015-02,B02617,17324
2015-02-13,2015-02,B02682,16225
2015-02-13,2015-02,B02764,44958
2015-02-13,2015-02,B02765,5924
2015-02-14,2015-02,B02512,2185
2015-02-14,2015-02,B02598,12549
2015-02-14,2015-02,B02617,17362
2015-02-14,2015-02,B02682,16617
2015-02-14,2015-02,B02764,47259
2015-02-14,2015-02,B02765,6375
2015-02-15,2015-02,B02512,2156
2015-02-15,2015-02,B02598,11377
2015-02-15,2015-02,B02617,15001
2015-02-15,2015-02,B02682,14830
2015-02-15,2015-02,B02764,42487
2015-02-15,2015-02,B02765,5469
2015-02-16,2015-02,B02512,1703
2015-02-16,2015-02,B02598,8921
2015-02-16,2015-02,B02617,12130
2015-02-16,2015-02,B02682,11431
2015-02-16,2015-02,B02764,34540
2015-02-16,2015-02,B02765,4947
2015-02-17,2015-02,B02512,1940
2015-02-17,2015-02,B02598,9362
2015-02-17,2015-02,B02617,12676
2015-02-17,2015-02,B02682,11949
2015-02-17,2015-02,B02764,33387
2015-02-17,2015-02,B02765,4907
2015-02-18,2015-02,B02512,1729
2015-02-18,2015-02,B02598,9374
2015-02-18,2015-02,B02617,12204
2015-02-18,2015-02,B02682,11867
2015-02-18,2015-02,B02764,33222
2015-02-18,2015-02,B02765,5097
2015-02-19,2015-02,B02512,2263
2015-02-19,2015-02,B02598,11569
2015-02-19,2015-02,B02617,15014
2015-02-19,2015-02,B02682,14716
2015-02-19,2015-02,B02764,40229
2015-02-19,2015-02,B02765,6480
2015-02-20,2015-02,B02512,2568
2015-02-20,2015-02,B02598,12680
2015-02-20,2015-02,B02617,17158
2015-02-20,2015-02,B02682,16465
2015-02-20,2015-02,B02764,46018
2015-02-20,2015-02,B02765,7873
2015-02-21,2015-02,B02512,2267
2015-02-21,2015-02,B02598,12026
2015-02-21,2015-02,B02617,16485
2015-02-21,2015-02,B02682,16459
2015-02-21,2015-02,B02764,45499
2015-02-21,2015-02,B02765,7745
2015-02-22,2015-02,B02512,1441
2015-02-22,2015-02,B02598,8222
2015-02-22,2015-02,B02617,11051
2015-02-22,2015-02,B02682,11066
2015-02-22,2015-02,B02764,31005
2015-02-22,2015-02,B02765,5059
2015-02-23,2015-02,B02512,1946
2015-02-23,2015-02,B02598,8847
2015-02-23,2015-02,B02617,11943
2015-02-23,2015-02,B02682,11875
2015-02-23,2015-02,B02764,32010
2015-02-23,2015-02,B02765,5873
2015-02-24,2015-02,B02512,2014
2015-02-24,2015-02,B02598,9709
2015-02-24,2015-02,B02617,13938
2015-02-24,2015-02,B02682,12752
2015-02-24,2015-02,B02764,35692
2015-02-24,2015-02,B02765,6415
2015-02-25,2015-02,B02512,1756
2015-02-25,2015-02,B02598,9277
2015-02-25,2015-02,B02617,13081
2015-02-25,2015-02,B02682,12851
2015-02-25,2015-02,B02764,32780
2015-02-25,2015-02,B02765,6247
2015-02-26,2015-02,B02512,1931
2015-02-26,2015-02,B02598,10447
2015-02-26,2015-02,B02617,14749
2015-02-26,2015-02,B02682,13962
2015-02-26,2015-02,B02764,36931
2015-02-26,2015-02,B02765,6820
2015-02-27,2015-02,B02512,2204
2015-02-27,2015-02,B02598,10605
2015-02-27,2015-02,B02617,14900
2015-02-27,2015-02,B02682,15174
2015-02-27,2015-02,B02764,39703
2015-02-27,2015-02,B02765,7631
2015-02-28,2015-02,B02512,1915
2015-02-28,2015-02,B02598,10209
2015-02-28,2015-02,B02617,14238
2015-02-28,2015-02,B02682,14654
2015-02-28,2015-02,B02764,40849
2015-02-28,2015-02,B02765,7851
2015-03-01,2015-03,B02512,1512
2015-03-01,2015-03,B02598,7536
2015-03-01,2015-03,B02617,11658
2015-03-01,2015-03,B02682,11983
2015-03-01,2015-03,B02764,31783
2015-03-01,2015-03,B02765,6367
2015-03-02,2015-03,B02512,1500
2015-03-02,2015-03,B02598,6812
2015-03-02,2015-03,B02617,9567
2015-03-02,2015-03,B02682,9800
2015-03-02,2015-03,B02764,24519
2015-03-02,2015-03,B02765,5262
2015-03-03,2015-03,B02512,1969
2015-03-03,2015-03,B02598,8759
2015-03-03,2015-03,B02617,12245
2015-03-03,2015-03,B02682,13083
2015-03-03,2015-03,B02764,31937
2015-03-03,2015-03,B02765,7055
2015-03-04,2015-03,B02512,1626
2015-03-04,2015-03,B02598,8323
2015-03-04,2015-03,B02617,12049
2015-03-04,2015-03,B02682,12771
2015-03-04,2015-03,B02764,30607
2015-03-04,2015-03,B02765,6555
2015-03-05,2015-03,B02512,1917
2015-03-05,2015-03,B02598,9376
2015-03-05,2015-03,B02617,12384
2015-03-05,2015-03,B02682,13855
2015-03-05,2015-03,B02764,33113
2015-03-05,2015-03,B02765,6801
2015-03-06,2015-03,B02512,2036
2015-03-06,2015-03,B02598,9936
2015-03-06,2015-03,B02617,13492
2015-03-06,2015-03,B02682,14687
2015-03-06,2015-03,B02764,35454
2015-03-06,2015-03,B02765,7529
2015-03-07,2015-03,B02512,1670
2015-03-07,2015-03,B02598,8879
2015-03-07,2015-03,B02617,12568
2015-03-07,2015-03,B02682,14716
2015-03-07,2015-03,B02764,35934
2015-03-07,2015-03,B02765,7701
2015-03-08,2015-03,B02512,1154
2015-03-08,2015-03,B02598,6744
2015-03-08,2015-03,B02617,9854
2015-03-08,2015-03,B02682,11087
2015-03-08,2015-03,B02764,27364
2015-03-08,2015-03,B02765,5621
2015-03-09,2015-03,B02512,1434
2015-03-09,2015-03,B02598,6213
2015-03-09,2015-03,B02617,8647
2015-03-09,2015-03,B02682,9736
2015-03-09,2015-03,B02764,22761
2015-03-09,2015-03,B02765,5129
2015-03-10,2015-03,B02512,1881
2015-03-10,2015-03,B02598,8305
2015-03-10,2015-03,B02617,11663
2015-03-10,2015-03,B02682,12973
2015-03-10,2015-03,B02764,30384
2015-03-10,2015-03,B02765,6979
2015-03-11,2015-03,B02512,1636
2015-03-11,2015-03,B02598,7617
2015-03-11,2015-03,B02617,10611
2015-03-11,2015-03,B02682,11939
2015-03-11,2015-03,B02764,27364
2015-03-11,2015-03,B02765,6148
2015-03-12,2015-03,B02512,1713
2015-03-12,2015-03,B02598,8831
2015-03-12,2015-03,B02617,11729
2015-03-12,2015-03,B02682,13738
2015-03-12,2015-03,B02764,31188
2015-03-12,2015-03,B02765,6839
2015-03-13,2015-03,B02512,1787
2015-03-13,2015-03,B02598,8837
2015-03-13,2015-03,B02617,12237
2015-03-13,2015-03,B02682,14703
2015-03-13,2015-03,B02764,33756
2015-03-13,2015-03,B02765,7952
2015-03-14,2015-03,B02512,1843
2015-03-14,2015-03,B02598,9717
2015-03-14,2015-03,B02617,13845
2015-03-14,2015-03,B02682,17155
2015-03-14,2015-03,B02764,39040
2015-03-14,2015-03,B02765,9356
2015-03-15,2015-03,B02512,1153
2015-03-15,2015-03,B02598,7034
2015-03-15,2015-03,B02617,9715
2015-03-15,2015-03,B02682,11721
2015-03-15,2015-03,B02764,27513
2015-03-15,2015-03,B02765,6285
2015-03-16,2015-03,B02512,1325
2015-03-16,2015-03,B02598,5995
2015-03-16,2015-03,B02617,8690
2015-03-16,2015-03,B02682,10198
2015-03-16,2015-03,B02764,23077
2015-03-16,2015-03,B02765,5539
2015-03-17,2015-03,B02512,1373
2015-03-17,2015-03,B02598,7020
2015-03-17,2015-03,B02617,9566
2015-03-17,2015-03,B02682,11999
2015-03-17,2015-03,B02764,26846
2015-03-17,2015-03,B02765,6082
2015-03-18,2015-03,B02512,1538
2015-03-18,2015-03,B02598,8017
2015-03-18,2015-03,B02617,11015
2015-03-18,2015-03,B02682,13567
2015-03-18,2015-03,B02764,29614
2015-03-18,2015-03,B02765,6633
2015-03-19,2015-03,B02512,1657
2015-03-19,2015-03,B02598,8724
2015-03-19,2015-03,B02617,11891
2015-03-19,2015-03,B02682,14890
2015-03-19,2015-03,B02764,31437
2015-03-19,2015-03,B02765,7240
2015-03-20,2015-03,B02512,2031
2015-03-20,2015-03,B02598,10488
2015-03-20,2015-03,B02617,14277
2015-03-20,2015-03,B02682,18879
2015-03-20,2015-03,B02764,40040
2015-03-20,2015-03,B02765,9558
2015-03-21,2015-03,B02512,1487
2015-03-21,2015-03,B02598,8419
2015-03-21,2015-03,B02617,11733
2015-03-21,2015-03,B02682,16346
2015-03-21,2015-03,B02764,34352
2015-03-21,2015-03,B02765,8408
2015-03-22,2015-03,B02512,1338
2015-03-22,2015-03,B02598,7315
2015-03-22,2015-03,B02617,9843
2015-03-22,2015-03,B02682,13599
2015-03-22,2015-03,B02764,30318
2015-03-22,2015-03,B02765,6924
2015-03-23,2015-03,B02512,1492
2015-03-23,2015-03,B02598,6609
2015-03-23,2015-03,B02617,9545
2015-03-23,2015-03,B02682,11770
2015-03-23,2015-03,B02764,25033
2015-03-23,2015-03,B02765,6049
2015-03-24,2015-03,B02512,1499
2015-03-24,2015-03,B02598,7291
2015-03-24,2015-03,B02617,9795
2015-03-24,2015-03,B02682,12463
2015-03-24,2015-03,B02764,27155
2015-03-24,2015-03,B02765,6197
2015-03-25,2015-03,B02512,1675
2015-03-25,2015-03,B02598,8518
2015-03-25,2015-03,B02617,11152
2015-03-25,2015-03,B02682,14818
2015-03-25,2015-03,B02764,30528
2015-03-25,2015-03,B02765,7262
2015-03-26,2015-03,B02512,1726
2015-03-26,2015-03,B02598,9224
2015-03-26,2015-03,B02617,11961
2015-03-26,2015-03,B02682,15634
2015-03-26,2015-03,B02764,32309
2015-03-26,2015-03,B02765,7698
2015-03-27,2015-03,B02512,1731
2015-03-27,2015-03,B02598,9088
2015-03-27,2015-03,B02617,12111
2015-03-27,2015-03,B02682,17673
2015-03-27,2015-03,B02764,35834
2015-03-27,2015-03,B02765,8540
2015-03-28,2015-03,B02512,1647
2015-03-28,2015-03,B02598,9308
2015-03-28,2015-03,B02617,12998
2015-03-28,2015-03,B02682,19512
2015-03-28,2015-03,B02764,39464
2015-03-28,2015-03,B02765,9598
2015-03-29,2015-03,B02512,1535
2015-03-29,2015-03,B02598,7787
2015-03-29,2015-03,B02617,10699
2015-03-29,2015-03,B02682,15528
2015-03-29,2015-03,B02764,32403
2015-03-29,2015-03,B02765,7696
2015-03-30,2015-03,B02512,1437
2015-03-30,2015-03,B02598,6672
2015-03-30,2015-03,B02617,9232
2015-03-30,2015-03,B02682,13040
2015-03-30,2015-03,B02764,26030
2015-03-30,2015-03,B02765,6369
2015-03-31,2015-03,B02512,1743
2015-03-31,2015-03,B02598,8817
2015-03-31,2015-03,B02617,11766
2015-03-31,2015-03,B02682,16257
2015-03-31,2015-03,B02764,32611
2015-03-31,2015-03,B02765,7699
2015-04-01,2015-04,B02512,461
2015-04-01,2015-04,B02598,7942
2015-04-01,2015-04,B02617,10573
2015-04-01,2015-04,B02682,14991
2015-04-01,2015-04,B02764,28273
2015-04-01,2015-04,B02765,6983
2015-04-02,2015-04,B02512,481
2015-04-02,2015-04,B02598,8610
2015-04-02,2015-04,B02617,11247
2015-04-02,2015-04,B02682,16065
2015-04-02,2015-04,B02764,30064
2015-04-02,2015-04,B02765,7602
2015-04-03,2015-04,B02512,391
2015-04-03,2015-04,B02598,7742
2015-04-03,2015-04,B02617,10820
2015-04-03,2015-04,B02682,16942
2015-04-03,2015-04,B02764,32076
2015-04-03,2015-04,B02765,8012
2015-04-04,2015-04,B02512,381
2015-04-04,2015-04,B02598,6960
2015-04-04,2015-04,B02617,9647
2015-04-04,2015-04,B02682,15752
2015-04-04,2015-04,B02764,29081
2015-04-04,2015-04,B02765,7368
2015-04-05,2015-04,B02512,379
2015-04-05,2015-04,B02598,5893
2015-04-05,2015-04,B02617,8188
2015-04-05,2015-04,B02682,13022
2015-04-05,2015-04,B02764,24542
2015-04-05,2015-04,B02765,6333
2015-04-06,2015-04,B02512,392
2015-04-06,2015-04,B02598,5564
2015-04-06,2015-04,B02617,7454
2015-04-06,2015-04,B02682,12277
2015-04-06,2015-04,B02764,22038
2015-04-06,2015-04,B02765,5840
2015-04-07,2015-04,B02512,519
2015-04-07,2015-04,B02598,7144
2015-04-07,2015-04,B02617,10001
2015-04-07,2015-04,B02682,15027
2015-04-07,2015-04,B02764,28295
2015-04-07,2015-04,B02765,7093
2015-04-08,2015-04,B02512,472
2015-04-08,2015-04,B02598,8030
2015-04-08,2015-04,B02617,10447
2015-04-08,2015-04,B02682,16125
2015-04-08,2015-04,B02764,29273
2015-04-08,2015-04,B02765,7676
2015-04-09,2015-04,B02512,507
2015-04-09,2015-04,B02598,8374
2015-04-09,2015-04,B02617,11561
2015-04-09,2015-04,B02682,17725
2015-04-09,2015-04,B02764,31522
2015-04-09,2015-04,B02765,7831
2015-04-10,2015-04,B02512,480
2015-04-10,2015-04,B02598,8611
2015-04-10,2015-04,B02617,11576
2015-04-10,2015-04,B02682,18658
2015-04-10,2015-04,B02764,33486
2015-04-10,2015-04,B02765,8628
2015-04-11,2015-04,B02512,493
2015-04-11,2015-04,B02598,8487
2015-04-11,2015-04,B02617,11265
2015-04-11,2015-04,B02682,19759
2015-04-11,2015-04,B02764,33763
2015-04-11,2015-04,B02765,8780
2015-04-12,2015-04,B02512,409
2015-04-12,2015-04,B02598,7003
2015-04-12,2015-04,B02617,9663
2015-04-12,2015-04,B02682,15524
2015-04-12,2015-04,B02764,28310
2015-04-12,2015-04,B02765,6817
2015-04-13,2015-04,B02512,426
2015-04-13,2015-04,B02598,5979
2015-04-13,2015-04,B02617,8181
2015-04-13,2015-04,B02682,13281
2015-04-13,2015-04,B02764,22810
2015-04-13,2015-04,B02765,5978
2015-04-14,2015-04,B02512,451
2015-04-14,2015-04,B02598,6930
2015-04-14,2015-04,B02617,9382
2015-04-14,2015-04,B02682,14875
2015-04-14,2015-04,B02764,25332
2015-04-14,2015-04,B02765,6423
2015-04-15,2015-04,B02512,453
2015-04-15,2015-04,B02598,7334
2015-04-15,2015-04,B02617,9945
2015-04-15,2015-04,B02682,15581
2015-04-15,2015-04,B02764,26650
2015-04-15,2015-04,B02765,6571
2015-04-16,2015-04,B02512,512
2015-04-16,2015-04,B02598,9004
2015-04-16,2015-04,B02617,11714
2015-04-16,2015-04,B02682,18442
2015-04-16,2015-04,B02764,31129
2015-04-16,2015-04,B02765,8007
2015-04-17,2015-04,B02512,453
2015-04-17,2015-04,B02598,9147
2015-04-17,2015-04,B02617,12042
2015-04-17,2015-04,B02682,20305
2015-04-17,2015-04,B02764,33198
2015-04-17,2015-04,B02765,8710
2015-04-18,2015-04,B02512,519
2015-04-18,2015-04,B02598,9448
2015-04-18,2015-04,B02617,13287
2015-04-18,2015-04,B02682,23304
2015-04-18,2015-04,B02764,38314
2015-04-18,2015-04,B02765,9324
2015-04-19,2015-04,B02512,452
2015-04-19,2015-04,B02598,8049
2015-04-19,2015-04,B02617,10840
2015-04-19,2015-04,B02682,18860
2015-04-19,2015-04,B02764,32263
2015-04-19,2015-04,B02765,7643
2015-04-20,2015-04,B02512,529
2015-04-20,2015-04,B02598,8521
2015-04-20,2015-04,B02617,11481
2015-04-20,2015-04,B02682,19270
2015-04-20,2015-04,B02764,30662
2015-04-20,2015-04,B02765,7613
2015-04-21,2015-04,B02512,437
2015-04-21,2015-04,B02598,7411
2015-04-21,2015-04,B02617,10042
2015-04-21,2015-04,B02682,16673
2015-04-21,2015-04,B02764,27421
2015-04-21,2015-04,B02765,6728
2015-04-22,2015-04,B02512,531
2015-04-22,2015-04,B02598,8911
2015-04-22,2015-04,B02617,12168
2015-04-22,2015-04,B02682,20189
2015-04-22,2015-04,B02764,32010
2015-04-22,2015-04,B02765,8315
2015-04-23,2015-04,B02512,511
2015-04-23,2015-04,B02598,10415
2015-04-23,2015-04,B02617,13628
2015-04-23,2015-04,B02682,22601
2015-04-23,2015-04,B02764,35899
2015-04-23,2015-04,B02765,9056
2015-04-24,2015-04,B02512,596
2015-04-24,2015-04,B02598,10908
2015-04-24,2015-04,B02617,14332
2015-04-24,2015-04,B02682,24790
2015-04-24,2015-04,B02764,39026
2015-04-24,2015-04,B02765,10036
2015-04-25,2015-04,B02512,636
2015-04-25,2015-04,B02598,10819
2015-04-25,2015-04,B02617,13907
2015-04-25,2015-04,B02682,27090
2015-04-25,2015-04,B02764,43169
2015-04-25,2015-04,B02765,10649
2015-04-26,2015-04,B02512,474
2015-04-26,2015-04,B02598,9036
2015-04-26,2015-04,B02617,12049
2015-04-26,2015-04,B02682,21777
2015-04-26,2015-04,B02764,36443
2015-04-26,2015-04,B02765,8894
2015-04-27,2015-04,B02512,487
2015-04-27,2015-04,B02598,6922
2015-04-27,2015-04,B02617,9101
2015-04-27,2015-04,B02682,16436
2015-04-27,2015-04,B02764,25395
2015-04-27,2015-04,B02765,6442
2015-04-28,2015-04,B02512,530
2015-04-28,2015-04,B02598,7077
2015-04-28,2015-04,B02617,9508
2015-04-28,2015-04,B02682,17644
2015-04-28,2015-04,B02764,27115
2015-04-28,2015-04,B02765,6989
2015-04-29,2015-04,B02512,505
2015-04-29,2015-04,B02598,8119
2015-04-29,2015-04,B02617,10823
2015-04-29,2015-04,B02682,19642
2015-04-29,2015-04,B02764,29325
2015-04-29,2015-04,B02765,7526
2015-04-30,2015-04,B02512,521
2015-04-30,2015-04,B02598,9098
2015-04-30,2015-04,B02617,12058
2015-04-30,2015-04,B02682,21686
2015-04-30,2015-04,B02764,32672
2015-04-30,2015-04,B02765,8295
2015-05-01,2015-05,B02512,1779
2015-05-01,2015-05,B02598,8930
2015-05-01,2015-05,B02617,11872
2015-05-01,2015-05,B02682,26039
2015-05-01,2015-05,B02764,34478
2015-05-01,2015-05,B02765,9231
2015-05-02,2015-05,B02512,1774
2015-05-02,2015-05,B02598,9330
2015-05-02,2015-05,B02617,12734
2015-05-02,2015-05,B02682,30380
2015-05-02,2015-05,B02764,40140
2015-05-02,2015-05,B02765,10620
2015-05-03,2015-05,B02512,1352
2015-05-03,2015-05,B02598,7431
2015-05-03,2015-05,B02617,9992
2015-05-03,2015-05,B02682,22803
2015-05-03,2015-05,B02764,30941
2015-05-03,2015-05,B02765,7781
2015-05-04,2015-05,B02512,1324
2015-05-04,2015-05,B02598,6610
2015-05-04,2015-05,B02617,8370
2015-05-04,2015-05,B02682,18624
2015-05-04,2015-05,B02764,24155
2015-05-04,2015-05,B02765,6364
2015-05-05,2015-05,B02512,1458
2015-05-05,2015-05,B02598,7581
2015-05-05,2015-05,B02617,10146
2015-05-05,2015-05,B02682,21527
2015-05-05,2015-05,B02764,27934
2015-05-05,2015-05,B02765,7549
2015-05-06,2015-05,B02512,1568
2015-05-06,2015-05,B02598,8095
2015-05-06,2015-05,B02617,10768
2015-05-06,2015-05,B02682,23270
2015-05-06,2015-05,B02764,29134
2015-05-06,2015-05,B02765,7612
2015-05-07,2015-05,B02512,1693
2015-05-07,2015-05,B02598,8736
2015-05-07,2015-05,B02617,11611
2015-05-07,2015-05,B02682,25745
2015-05-07,2015-05,B02764,31437
2015-05-07,2015-05,B02765,8139
2015-05-08,2015-05,B02512,1679
2015-05-08,2015-05,B02598,8751
2015-05-08,2015-05,B02617,11703
2015-05-08,2015-05,B02682,26542
2015-05-08,2015-05,B02764,32980
2015-05-08,2015-05,B02765,9078
2015-05-09,2015-05,B02512,1432
2015-05-09,2015-05,B02598,9014
2015-05-09,2015-05,B02617,11786
2015-05-09,2015-05,B02682,30128
2015-05-09,2015-05,B02764,36157
2015-05-09,2015-05,B02765,9842
2015-05-10,2015-05,B02512,1110
2015-05-10,2015-05,B02598,7504
2015-05-10,2015-05,B02617,9876
2015-05-10,2015-05,B02682,24208
2015-05-10,2015-05,B02764,29612
2015-05-10,2015-05,B02765,7836
2015-05-11,2015-05,B02512,1370
2015-05-11,2015-05,B02598,7245
2015-05-11,2015-05,B02617,8845
2015-05-11,2015-05,B02682,21045
2015-05-11,2015-05,B02764,25004
2015-05-11,2015-05,B02765,6801
2015-05-12,2015-05,B02512,1463
2015-05-12,2015-05,B02598,7926
2015-05-12,2015-05,B02617,9866
2015-05-12,2015-05,B02682,23548
2015-05-12,2015-05,B02764,28203
2015-05-12,2015-05,B02765,7431
2015-05-13,2015-05,B02512,1625
2015-05-13,2015-05,B02598,8575
2015-05-13,2015-05,B02617,11231
2015-05-13,2015-05,B02682,25426
2015-05-13,2015-05,B02764,30024
2015-05-13,2015-05,B02765,8056
2015-05-14,2015-05,B02512,1659
2015-05-14,2015-05,B02598,9696
2015-05-14,2015-05,B02617,11902
2015-05-14,2015-05,B02682,28502
2015-05-14,2015-05,B02764,33373
2015-05-14,2015-05,B02765,8492
2015-05-15,2015-05,B02512,1680
2015-05-15,2015-05,B02598,9603
2015-05-15,2015-05,B02617,12372
2015-05-15,2015-05,B02682,30978
2015-05-15,2015-05,B02764,35824
2015-05-15,2015-05,B02765,9299
2015-05-16,2015-05,B02512,1758
2015-05-16,2015-05,B02598,11125
2015-05-16,2015-05,B02617,14281
2015-05-16,2015-05,B02682,38170
2015-05-16,2015-05,B02764,44338
2015-05-16,2015-05,B02765,11885
2015-05-17,2015-05,B02512,1449
2015-05-17,2015-05,B02598,8341
2015-05-17,2015-05,B02617,11185
2015-05-17,2015-05,B02682,29798
2015-05-17,2015-05,B02764,34394
2015-05-17,2015-05,B02765,9155
2015-05-18,2015-05,B02512,1403
2015-05-18,2015-05,B02598,7375
2015-05-18,2015-05,B02617,9536
2015-05-18,2015-05,B02682,23824
2015-05-18,2015-05,B02764,27165
2015-05-18,2015-05,B02765,7111
2015-05-19,2015-05,B02512,1622
2015-05-19,2015-05,B02598,8373
2015-05-19,2015-05,B02617,11009
2015-05-19,2015-05,B02682,26549
2015-05-19,2015-05,B02764,30286
2015-05-19,2015-05,B02765,7532
2015-05-20,2015-05,B02512,1696
2015-05-20,2015-05,B02598,8823
2015-05-20,2015-05,B02617,11439
2015-05-20,2015-05,B02682,28707
2015-05-20,2015-05,B02764,32211
2015-05-20,2015-05,B02765,8186
2015-05-21,2015-05,B02512,1803
2015-05-21,2015-05,B02598,9259
2015-05-21,2015-05,B02617,12079
2015-05-21,2015-05,B02682,29895
2015-05-21,2015-05,B02764,33646
2015-05-21,2015-05,B02765,8464
2015-05-22,2015-05,B02512,1240
2015-05-22,2015-05,B02598,7465
2015-05-22,2015-05,B02617,9944
2015-05-22,2015-05,B02682,28408
2015-05-22,2015-05,B02764,30753
2015-05-22,2015-05,B02765,7961
2015-05-23,2015-05,B02512,982
2015-05-23,2015-05,B02598,6375
2015-05-23,2015-05,B02617,8743
2015-05-23,2015-05,B02682,26942
2015-05-23,2015-05,B02764,27597
2015-05-23,2015-05,B02765,7704
2015-05-24,2015-05,B02512,884
2015-05-24,2015-05,B02598,5466
2015-05-24,2015-05,B02617,7707
2015-05-24,2015-05,B02682,23002
2015-05-24,2015-05,B02764,24420
2015-05-24,2015-05,B02765,6849
2015-05-25,2015-05,B02512,794
2015-05-25,2015-05,B02598,4776
2015-05-25,2015-05,B02617,6386
2015-05-25,2015-05,B02682,20745
2015-05-25,2015-05,B02764,21159
2015-05-25,2015-05,B02765,5888
2015-05-26,2015-05,B02512,1228
2015-05-26,2015-05,B02598,6500
2015-05-26,2015-05,B02617,8915
2015-05-26,2015-05,B02682,23714
2015-05-26,2015-05,B02764,25809
2015-05-26,2015-05,B02765,6654
2015-05-27,2015-05,B02512,1683
2015-05-27,2015-05,B02598,8339
2015-05-27,2015-05,B02617,11328
2015-05-27,2015-05,B02682,28857
2015-05-27,2015-05,B02764,30445
2015-05-27,2015-05,B02765,8010
2015-05-28,2015-05,B02512,1570
2015-05-28,2015-05,B02598,9159
2015-05-28,2015-05,B02617,11625
2015-05-28,2015-05,B02682,31259
2015-05-28,2015-05,B02764,32603
2015-05-28,2015-05,B02765,8858
2015-05-29,2015-05,B02512,1540
2015-05-29,2015-05,B02598,8935
2015-05-29,2015-05,B02617,11575
2015-05-29,2015-05,B02682,33179
2015-05-29,2015-05,B02764,33577
2015-05-29,2015-05,B02765,9394
2015-05-30,2015-05,B02512,1450
2015-05-30,2015-05,B02598,8543
2015-05-30,2015-05,B02617,11958
2015-05-30,2015-05,B02682,35822
2015-05-30,2015-05,B02764,36753
2015-05-30,2015-05,B02765,9903
2015-05-31,2015-05,B02512,1378
2015-05-31,2015-05,B02598,7965
2015-05-31,2015-05,B02617,11099
2015-05-31,2015-05,B02682,32840
2015-05-31,2015-05,B02764,34178
2015-05-31,2015-05,B02765,9487
2015-06-01,2015-06,B02512,1673
2015-06-01,2015-06,B02598,8767
2015-06-01,2015-06,B02617,10972
2015-06-01,2015-06,B02682,30983
2015-06-01,2015-06,B02764,32210
2015-06-01,2015-06,B02765,8478
2015-06-01,2015-06,B02835,345
2015-06-01,2015-06,B02836,71
2015-06-02,2015-06,B02512,1746
2015-06-02,2015-06,B02598,9069
2015-06-02,2015-06,B02617,12038
2015-06-02,2015-06,B02682,32679
2015-06-02,2015-06,B02764,33107
2015-06-02,2015-06,B02765,8532
2015-06-02,2015-06,B02835,346
2015-06-02,2015-06,B02836,75
2015-06-03,2015-06,B02512,1467
2015-06-03,2015-06,B02598,8047
2015-06-03,2015-06,B02617,10795
2015-06-03,2015-06,B02682,29385
2015-06-03,2015-06,B02764,29417
2015-06-03,2015-06,B02765,7707
2015-06-03,2015-06,B02835,348
2015-06-03,2015-06,B02836,40
2015-06-04,2015-06,B02512,1450
2015-06-04,2015-06,B02598,8914
2015-06-04,2015-06,B02617,11570
2015-06-04,2015-06,B02682,31917
2015-06-04,2015-06,B02764,32305
2015-06-04,2015-06,B02765,8464
2015-06-04,2015-06,B02835,343
2015-06-04,2015-06,B02836,60
2015-06-05,2015-06,B02512,1638
2015-06-05,2015-06,B02598,8782
2015-06-05,2015-06,B02617,11704
2015-06-05,2015-06,B02682,35173
2015-06-05,2015-06,B02764,34724
2015-06-05,2015-06,B02765,9475
2015-06-05,2015-06,B02835,374
2015-06-05,2015-06,B02836,52
2015-06-06,2015-06,B02512,1324
2015-06-06,2015-06,B02598,8321
2015-06-06,2015-06,B02617,10989
2015-06-06,2015-06,B02682,36512
2015-06-06,2015-06,B02764,34844
2015-06-06,2015-06,B02765,9319
2015-06-06,2015-06,B02835,382
2015-06-06,2015-06,B02836,82
2015-06-07,2015-06,B02512,1260
2015-06-07,2015-06,B02598,7271
2015-06-07,2015-06,B02617,10084
2015-06-07,2015-06,B02682,30810
2015-06-07,2015-06,B02764,30956
2015-06-07,2015-06,B02765,8071
2015-06-07,2015-06,B02835,343
2015-06-07,2015-06,B02836,81
2015-06-08,2015-06,B02512,1290
2015-06-08,2015-06,B02598,6950
2015-06-08,2015-06,B02617,9095
2015-06-08,2015-06,B02682,26671
2015-06-08,2015-06,B02764,25793
2015-06-08,2015-06,B02765,6752
2015-06-08,2015-06,B02835,301
2015-06-08,2015-06,B02836,47
2015-06-09,2015-06,B02512,1520
2015-06-09,2015-06,B02598,7516
2015-06-09,2015-06,B02617,9936
2015-06-09,2015-06,B02682,28113
2015-06-09,2015-06,B02764,27533
2015-06-09,2015-06,B02765,7441
2015-06-09,2015-06,B02835,362
2015-06-09,2015-06,B02836,42
2015-06-10,2015-06,B02512,1537
2015-06-10,2015-06,B02598,8108
2015-06-10,2015-06,B02617,10443
2015-06-10,2015-06,B02682,30392
2015-06-10,2015-06,B02764,28936
2015-06-10,2015-06,B02765,7522
2015-06-10,2015-06,B02835,398
2015-06-10,2015-06,B02836,67
2015-06-11,2015-06,B02512,1678
2015-06-11,2015-06,B02598,9315
2015-06-11,2015-06,B02617,12040
2015-06-11,2015-06,B02682,35865
2015-06-11,2015-06,B02764,33617
2015-06-11,2015-06,B02765,9013
2015-06-11,2015-06,B02835,414
2015-06-11,2015-06,B02836,71
2015-06-12,2015-06,B02512,1746
2015-06-12,2015-06,B02598,8864
2015-06-12,2015-06,B02617,11573
2015-06-12,2015-06,B02682,36735
2015-06-12,2015-06,B02764,34346
2015-06-12,2015-06,B02765,9203
2015-06-12,2015-06,B02835,512
2015-06-12,2015-06,B02836,73
2015-06-13,2015-06,B02512,1319
2015-06-13,2015-06,B02598,8376
2015-06-13,2015-06,B02617,10823
2015-06-13,2015-06,B02682,37210
2015-06-13,2015-06,B02764,33615
2015-06-13,2015-06,B02765,9076
2015-06-13,2015-06,B02835,653
2015-06-13,2015-06,B02836,98
2015-06-14,2015-06,B02512,1160
2015-06-14,2015-06,B02598,7284
2015-06-14,2015-06,B02617,10060
2015-06-14,2015-06,B02682,32537
2015-06-14,2015-06,B02764,30968
2015-06-14,2015-06,B02765,8129
2015-06-14,2015-06,B02835,636
2015-06-14,2015-06,B02836,82
2015-06-15,2015-06,B02512,1396
2015-06-15,2015-06,B02598,7893
2015-06-15,2015-06,B02617,9644
2015-06-15,2015-06,B02682,30228
2015-06-15,2015-06,B02764,28509
2015-06-15,2015-06,B02765,7593
2015-06-15,2015-06,B02835,536
2015-06-15,2015-06,B02836,58
2015-06-16,2015-06,B02512,1612
2015-06-16,2015-06,B02598,7445
2015-06-16,2015-06,B02617,10263
2015-06-16,2015-06,B02682,31654
2015-06-16,2015-06,B02764,29472
2015-06-16,2015-06,B02765,7939
2015-06-16,2015-06,B02835,706
2015-06-16,2015-06,B02836,80
2015-06-17,2015-06,B02512,1586
2015-06-17,2015-06,B02598,8453
2015-06-17,2015-06,B02617,11113
2015-06-17,2015-06,B02682,32962
2015-06-17,2015-06,B02764,30523
2015-06-17,2015-06,B02765,8157
2015-06-17,2015-06,B02835,858
2015-06-17,2015-06,B02836,54
2015-06-18,2015-06,B02512,1763
2015-06-18,2015-06,B02598,9123
2015-06-18,2015-06,B02617,11816
2015-06-18,2015-06,B02682,35315
2015-06-18,2015-06,B02764,32021
2015-06-18,2015-06,B02765,8809
2015-06-18,2015-06,B02835,955
2015-06-18,2015-06,B02836,40
2015-06-19,2015-06,B02512,1593
2015-06-19,2015-06,B02598,8393
2015-06-19,2015-06,B02617,11198
2015-06-19,2015-06,B02682,36978
2015-06-19,2015-06,B02764,33281
2015-06-19,2015-06,B02765,9055
2015-06-19,2015-06,B02835,1130
2015-06-19,2015-06,B02836,75
2015-06-20,2015-06,B02512,1263
2015-06-20,2015-06,B02598,7792
2015-06-20,2015-06,B02617,10653
2015-06-20,2015-06,B02682,38040
2015-06-20,2015-06,B02764,33376
2015-06-20,2015-06,B02765,9161
2015-06-20,2015-06,B02835,1302
2015-06-20,2015-06,B02836,80
2015-06-21,2015-06,B02512,1169
2015-06-21,2015-06,B02598,7241
2015-06-21,2015-06,B02617,9527
2015-06-21,2015-06,B02682,32457
2015-06-21,2015-06,B02764,29872
2015-06-21,2015-06,B02765,7944
2015-06-21,2015-06,B02835,998
2015-06-21,2015-06,B02836,77
2015-06-22,2015-06,B02512,1251
2015-06-22,2015-06,B02598,6604
2015-06-22,2015-06,B02617,8505
2015-06-22,2015-06,B02682,27302
2015-06-22,2015-06,B02764,24489
2015-06-22,2015-06,B02765,6252
2015-06-22,2015-06,B02835,964
2015-06-22,2015-06,B02836,51
2015-06-23,2015-06,B02512,1709
2015-06-23,2015-06,B02598,7962
2015-06-23,2015-06,B02617,10867
2015-06-23,2015-06,B02682,33647
2015-06-23,2015-06,B02764,29774
2015-06-23,2015-06,B02765,7999
2015-06-23,2015-06,B02835,1146
2015-06-23,2015-06,B02836,68
2015-06-24,2015-06,B02512,1628
2015-06-24,2015-06,B02598,7864
2015-06-24,2015-06,B02617,10435
2015-06-24,2015-06,B02682,33231
2015-06-24,2015-06,B02764,29191
2015-06-24,2015-06,B02765,7609
2015-06-24,2015-06,B02835,1373
2015-06-24,2015-06,B02836,57
2015-06-25,2015-06,B02512,1653
2015-06-25,2015-06,B02598,8662
2015-06-25,2015-06,B02617,11426
2015-06-25,2015-06,B02682,36047
2015-06-25,2015-06,B02764,32060
2015-06-25,2015-06,B02765,8602
2015-06-25,2015-06,B02835,1561
2015-06-25,2015-06,B02836,62
2015-06-26,2015-06,B02512,1604
2015-06-26,2015-06,B02598,8183
2015-06-26,2015-06,B02617,10831
2015-06-26,2015-06,B02682,36307
2015-06-26,2015-06,B02764,32050
2015-06-26,2015-06,B02765,8616
2015-06-26,2015-06,B02835,1843
2015-06-26,2015-06,B02836,74
2015-06-27,2015-06,B02512,1885
2015-06-27,2015-06,B02598,10701
2015-06-27,2015-06,B02617,13992
2015-06-27,2015-06,B02682,49929
2015-06-27,2015-06,B02764,44842
2015-06-27,2015-06,B02765,12226
2015-06-27,2015-06,B02835,2515
2015-06-27,2015-06,B02836,103
2015-06-28,2015-06,B02512,1318
2015-06-28,2015-06,B02598,7115
2015-06-28,2015-06,B02617,9824
2015-06-28,2015-06,B02682,33562
2015-06-28,2015-06,B02764,30931
2015-06-28,2015-06,B02765,8518
2015-06-28,2015-06,B02835,1764
2015-06-28,2015-06,B02836,76
2015-06-29,2015-06,B02512,1226
2015-06-29,2015-06,B02598,6163
2015-06-29,2015-06,B02617,8180
2015-06-29,2015-06,B02682,27028
2015-06-29,2015-06,B02764,24020
2015-06-29,2015-06,B02765,6359
2015-06-29,2015-06,B02835,1406
2015-06-29,2015-06,B02836,48
2015-06-30,2015-06,B02512,1501
2015-06-30,2015-06,B02598,6695
2015-06-30,2015-06,B02617,9163
2015-06-30,2015-06,B02682,29487
2015-06-30,2015-06,B02764,26980
2015-06-30,2015-06,B02765,6947
2015-06-30,2015-06,B02835,1808
2015-06-30,2015-06,B02836,46
