pickup_date,pickup_month,hour,company,trips
2015-05-01,2015-05,0,Uber,2985
2015-05-01,2015-05,1,Uber,1895
2015-05-01,2015-05,2,Uber,1165
2015-05-01,2015-05,3,Uber,752
2015-05-01,2015-05,4,Uber,1058
2015-05-01,2015-05,5,Uber,1294
2015-05-01,2015-05,6,Uber,2052
2015-05-01,2015-05,7,Uber,3018
2015-05-01,2015-05,8,Uber,3996
2015-05-01,2015-05,9,Uber,3959
2015-05-01,2015-05,10,Uber,3225
2015-05-01,2015-05,11,Uber,3161
2015-05-01,2015-05,12,Uber,3065
2015-05-01,2015-05,13,Uber,2956
2015-05-01,2015-05,14,Uber,3381
2015-05-01,2015-05,15,Uber,3925
2015-05-01,2015-05,16,Uber,4411
2015-05-01,2015-05,17,Uber,5023
2015-05-01,2015-05,18,Uber,6319
2015-05-01,2015-05,19,Uber,7362
2015-05-01,2015-05,20,Uber,6623
2015-05-01,2015-05,21,Uber,6211
2015-05-01,2015-05,22,Uber,7039
2015-05-01,2015-05,23,Uber,7437
2015-05-02,2015-05,0,Uber,6325
2015-05-02,2015-05,1,Uber,4213
2015-05-02,2015-05,2,Uber,2803
2015-05-02,2015-05,3,Uber,1925
2015-05-02,2015-05,4,Uber,1458
2015-05-02,2015-05,5,Uber,1026
2015-05-02,2015-05,6,Uber,1144
2015-05-02,2015-05,7,Uber,1407
2015-05-02,2015-05,8,Uber,2038
2015-05-02,2015-05,9,Uber,2619
2015-05-02,2015-05,10,Uber,3141
2015-05-02,2015-05,11,Uber,3658
2015-05-02,2015-05,12,Uber,3876
2015-05-02,2015-05,13,Uber,4073
2015-05-02,2015-05,14,Uber,4164
2015-05-02,2015-05,15,Uber,4657
2015-05-02,2015-05,16,Uber,5615
2015-05-02,2015-05,17,Uber,6433
2015-05-02,2015-05,18,Uber,6505
2015-05-02,2015-05,19,Uber,7445
2015-05-02,2015-05,20,Uber,7567
2015-05-02,2015-05,21,Uber,7670
2015-05-02,2015-05,22,Uber,7981
2015-05-02,2015-05,23,Uber,7198
2015-05-03,2015-05,0,Uber,5648
2015-05-03,2015-05,1,Uber,7337
2015-05-03,2015-05,2,Uber,5111
2015-05-03,2015-05,3,Uber,2774
2015-05-03,2015-05,4,Uber,1680
2015-05-03,2015-05,5,Uber,1099
2015-05-03,2015-05,6,Uber,969
2015-05-03,2015-05,7,Uber,1051
2015-05-03,2015-05,8,Uber,1233
2015-05-03,2015-05,9,Uber,1594
2015-05-03,2015-05,10,Uber,2118
2015-05-03,2015-05,11,Uber,2830
2015-05-03,2015-05,12,Uber,3321
2015-05-03,2015-05,13,Uber,3662
2015-05-03,2015-05,14,Uber,3855
2015-05-03,2015-05,15,Uber,3988
2015-05-03,2015-05,16,Uber,4175
2015-05-03,2015-05,17,Uber,4272
2015-05-03,2015-05,18,Uber,4478
2015-05-03,2015-05,19,Uber,4298
2015-05-03,2015-05,20,Uber,4038
2015-05-03,2015-05,21,Uber,3927
2015-05-03,2015-05,22,Uber,3799
2015-05-03,2015-05,23,Uber,2997
2015-05-04,2015-05,0,Uber,1739
2015-05-04,2015-05,1,Uber,952
2015-05-04,2015-05,2,Uber,607
2015-05-04,2015-05,3,Uber,422
2015-05-04,2015-05,4,Uber,733
2015-05-04,2015-05,5,Uber,1270
2015-05-04,2015-05,6,Uber,2135
2015-05-04,2015-05,7,Uber,3060
2015-05-04,2015-05,8,Uber,3940
2015-05-04,2015-05,9,Uber,3658
2015-05-04,2015-05,10,Uber,2733
2015-05-04,2015-05,11,Uber,2525
2015-05-04,2015-05,12,Uber,2440
2015-05-04,2015-05,13,Uber,2502
2015-05-04,2015-05,14,Uber,2785
2015-05-04,2015-05,15,Uber,3088
2015-05-04,2015-05,16,Uber,3367
2015-05-04,2015-05,17,Uber,3803
2015-05-04,2015-05,18,Uber,4518
2015-05-04,2015-05,19,Uber,4262
2015-05-04,2015-05,20,Uber,3971
2015-05-04,2015-05,21,Uber,4112
2015-05-04,2015-05,22,Uber,3854
2015-05-04,2015-05,23,Uber,2960
2015-05-05,2015-05,0,Uber,1831
2015-05-05,2015-05,1,Uber,1090
2015-05-05,2015-05,2,Uber,660
2015-05-05,2015-05,3,Uber,447
2015-05-05,2015-05,4,Uber,561
2015-05-05,2015-05,5,Uber,1086
2015-05-05,2015-05,6,Uber,1879
2015-05-05,2015-05,7,Uber,3134
2015-05-05,2015-05,8,Uber,3945
2015-05-05,2015-05,9,Uber,3681
2015-05-05,2015-05,10,Uber,2917
2015-05-05,2015-05,11,Uber,2672
2015-05-05,2015-05,12,Uber,2577
2015-05-05,2015-05,13,Uber,2670
2015-05-05,2015-05,14,Uber,3097
2015-05-05,2015-05,15,Uber,3527
2015-05-05,2015-05,16,Uber,4051
2015-05-05,2015-05,17,Uber,4755
2015-05-05,2015-05,18,Uber,5939
2015-05-05,2015-05,19,Uber,5490
2015-05-05,2015-05,20,Uber,5226
2015-05-05,2015-05,21,Uber,5416
2015-05-05,2015-05,22,Uber,5308
2015-05-05,2015-05,23,Uber,4226
2015-05-06,2015-05,0,Uber,2749
2015-05-06,2015-05,1,Uber,1527
2015-05-06,2015-05,2,Uber,777
2015-05-06,2015-05,3,Uber,568
2015-05-06,2015-05,4,Uber,716
2015-05-06,2015-05,5,Uber,1128
2015-05-06,2015-05,6,Uber,2014
2015-05-06,2015-05,7,Uber,3576
2015-05-06,2015-05,8,Uber,4413
2015-05-06,2015-05,9,Uber,4369
2015-05-06,2015-05,10,Uber,3333
2015-05-06,2015-05,11,Uber,3094
2015-05-06,2015-05,12,Uber,2870
2015-05-06,2015-05,13,Uber,2820
2015-05-06,2015-05,14,Uber,3303
2015-05-06,2015-05,15,Uber,3608
2015-05-06,2015-05,16,Uber,4076
2015-05-06,2015-05,17,Uber,4779
2015-05-06,2015-05,18,Uber,5583
2015-05-06,2015-05,19,Uber,5175
2015-05-06,2015-05,20,Uber,5134
2015-05-06,2015-05,21,Uber,5494
2015-05-06,2015-05,22,Uber,5265
2015-05-06,2015-05,23,Uber,4070
2015-05-07,2015-05,0,Uber,2549
2015-05-07,2015-05,1,Uber,1301
2015-05-07,2015-05,2,Uber,764
2015-05-07,2015-05,3,Uber,535
2015-05-07,2015-05,4,Uber,794
2015-05-07,2015-05,5,Uber,1192
2015-05-07,2015-05,6,Uber,2066
2015-05-07,2015-05,7,Uber,3236
2015-05-07,2015-05,8,Uber,4154
2015-05-07,2015-05,9,Uber,3912
2015-05-07,2015-05,10,Uber,3259
2015-05-07,2015-05,11,Uber,2911
2015-05-07,2015-05,12,Uber,2955
2015-05-07,2015-05,13,Uber,2875
2015-05-07,2015-05,14,Uber,3331
2015-05-07,2015-05,15,Uber,3818
2015-05-07,2015-05,16,Uber,4551
2015-05-07,2015-05,17,Uber,5274
2015-05-07,2015-05,18,Uber,6496
2015-05-07,2015-05,19,Uber,6174
2015-05-07,2015-05,20,Uber,5978
2015-05-07,2015-05,21,Uber,6675
2015-05-07,2015-05,22,Uber,6741
2015-05-07,2015-05,23,Uber,5806
2015-05-08,2015-05,0,Uber,3512
2015-05-08,2015-05,1,Uber,1817
2015-05-08,2015-05,2,Uber,1185
2015-05-08,2015-05,3,Uber,793
2015-05-08,2015-05,4,Uber,960
2015-05-08,2015-05,5,Uber,1318
2015-05-08,2015-05,6,Uber,2035
2015-05-08,2015-05,7,Uber,3178
2015-05-08,2015-05,8,Uber,4152
2015-05-08,2015-05,9,Uber,3874
2015-05-08,2015-05,10,Uber,3299
2015-05-08,2015-05,11,Uber,3089
2015-05-08,2015-05,12,Uber,3060
2015-05-08,2015-05,13,Uber,3100
2015-05-08,2015-05,14,Uber,3587
2015-05-08,2015-05,15,Uber,3927
2015-05-08,2015-05,16,Uber,4499
2015-05-08,2015-05,17,Uber,5340
2015-05-08,2015-05,18,Uber,6227
2015-05-08,2015-05,19,Uber,6415
2015-05-08,2015-05,20,Uber,5857
2015-05-08,2015-05,21,Uber,5713
2015-05-08,2015-05,22,Uber,6668
2015-05-08,2015-05,23,Uber,7114
2015-05-09,2015-05,0,Uber,6282
2015-05-09,2015-05,1,Uber,4364
2015-05-09,2015-05,2,Uber,2865
2015-05-09,2015-05,3,Uber,1850
2015-05-09,2015-05,4,Uber,1421
2015-05-09,2015-05,5,Uber,1060
2015-05-09,2015-05,6,Uber,1139
2015-05-09,2015-05,7,Uber,1368
2015-05-09,2015-05,8,Uber,2090
2015-05-09,2015-05,9,Uber,2750
2015-05-09,2015-05,10,Uber,3397
2015-05-09,2015-05,11,Uber,3720
2015-05-09,2015-05,12,Uber,4201
2015-05-09,2015-05,13,Uber,4277
2015-05-09,2015-05,14,Uber,4266
2015-05-09,2015-05,15,Uber,4491
2015-05-09,2015-05,16,Uber,5129
2015-05-09,2015-05,17,Uber,5950
2015-05-09,2015-05,18,Uber,5988
2015-05-09,2015-05,19,Uber,6674
2015-05-09,2015-05,20,Uber,6034
2015-05-09,2015-05,21,Uber,5773
2015-05-09,2015-05,22,Uber,6286
2015-05-09,2015-05,23,Uber,6935
2015-05-10,2015-05,0,Uber,6188
2015-05-10,2015-05,1,Uber,4533
2015-05-10,2015-05,2,Uber,3185
2015-05-10,2015-05,3,Uber,2111
2015-05-10,2015-05,4,Uber,1482
2015-05-10,2015-05,5,Uber,923
2015-05-10,2015-05,6,Uber,964
2015-05-10,2015-05,7,Uber,1059
2015-05-10,2015-05,8,Uber,1593
2015-05-10,2015-05,9,Uber,2178
2015-05-10,2015-05,10,Uber,3094
2015-05-10,2015-05,11,Uber,3727
2015-05-10,2015-05,12,Uber,4030
2015-05-10,2015-05,13,Uber,4113
2015-05-10,2015-05,14,Uber,4173
2015-05-10,2015-05,15,Uber,4114
2015-05-10,2015-05,16,Uber,4277
2015-05-10,2015-05,17,Uber,4498
2015-05-10,2015-05,18,Uber,4545
2015-05-10,2015-05,19,Uber,4188
2015-05-10,2015-05,20,Uber,4173
2015-05-10,2015-05,21,Uber,4065
2015-05-10,2015-05,22,Uber,3868
2015-05-10,2015-05,23,Uber,3027
2015-05-11,2015-05,0,Uber,1933
2015-05-11,2015-05,1,Uber,915
2015-05-11,2015-05,2,Uber,554
2015-05-11,2015-05,3,Uber,466
2015-05-11,2015-05,4,Uber,739
2015-05-11,2015-05,5,Uber,1233
2015-05-11,2015-05,6,Uber,2072
2015-05-11,2015-05,7,Uber,2817
2015-05-11,2015-05,8,Uber,3963
2015-05-11,2015-05,9,Uber,3795
2015-05-11,2015-05,10,Uber,2938
2015-05-11,2015-05,11,Uber,2788
2015-05-11,2015-05,12,Uber,2811
2015-05-11,2015-05,13,Uber,2781
2015-05-11,2015-05,14,Uber,3086
2015-05-11,2015-05,15,Uber,3746
2015-05-11,2015-05,16,Uber,3882
2015-05-11,2015-05,17,Uber,4335
2015-05-11,2015-05,18,Uber,4966
2015-05-11,2015-05,19,Uber,4532
2015-05-11,2015-05,20,Uber,4378
2015-05-11,2015-05,21,Uber,4387
2015-05-11,2015-05,22,Uber,4081
2015-05-11,2015-05,23,Uber,3098
2015-05-12,2015-05,0,Uber,2160
2015-05-12,2015-05,1,Uber,1317
2015-05-12,2015-05,2,Uber,675
2015-05-12,2015-05,3,Uber,485
2015-05-12,2015-05,4,Uber,621
2015-05-12,2015-05,5,Uber,1072
2015-05-12,2015-05,6,Uber,1823
2015-05-12,2015-05,7,Uber,2927
2015-05-12,2015-05,8,Uber,3969
2015-05-12,2015-05,9,Uber,3894
2015-05-12,2015-05,10,Uber,3177
2015-05-12,2015-05,11,Uber,2971
2015-05-12,2015-05,12,Uber,2909
2015-05-12,2015-05,13,Uber,2784
2015-05-12,2015-05,14,Uber,3275
2015-05-12,2015-05,15,Uber,3812
2015-05-12,2015-05,16,Uber,4218
2015-05-12,2015-05,17,Uber,5072
2015-05-12,2015-05,18,Uber,5775
2015-05-12,2015-05,19,Uber,5355
2015-05-12,2015-05,20,Uber,5076
2015-05-12,2015-05,21,Uber,5459
2015-05-12,2015-05,22,Uber,5312
2015-05-12,2015-05,23,Uber,4285
2015-05-13,2015-05,0,Uber,2460
2015-05-13,2015-05,1,Uber,1278
2015-05-13,2015-05,2,Uber,782
2015-05-13,2015-05,3,Uber,485
2015-05-13,2015-05,4,Uber,681
2015-05-13,2015-05,5,Uber,1137
2015-05-13,2015-05,6,Uber,1923
2015-05-13,2015-05,7,Uber,3213
2015-05-13,2015-05,8,Uber,4130
2015-05-13,2015-05,9,Uber,3946
2015-05-13,2015-05,10,Uber,3191
2015-05-13,2015-05,11,Uber,2992
2015-05-13,2015-05,12,Uber,2925
2015-05-13,2015-05,13,Uber,2944
2015-05-13,2015-05,14,Uber,3136
2015-05-13,2015-05,15,Uber,3766
2015-05-13,2015-05,16,Uber,4297
2015-05-13,2015-05,17,Uber,5103
2015-05-13,2015-05,18,Uber,6167
2015-05-13,2015-05,19,Uber,6348
2015-05-13,2015-05,20,Uber,6068
2015-05-13,2015-05,21,Uber,6054
2015-05-13,2015-05,22,Uber,6210
2015-05-13,2015-05,23,Uber,5689
2015-05-14,2015-05,0,Uber,3233
2015-05-14,2015-05,1,Uber,1551
2015-05-14,2015-05,2,Uber,931
2015-05-14,2015-05,3,Uber,668
2015-05-14,2015-05,4,Uber,855
2015-05-14,2015-05,5,Uber,1333
2015-05-14,2015-05,6,Uber,2030
2015-05-14,2015-05,7,Uber,3268
2015-05-14,2015-05,8,Uber,4214
2015-05-14,2015-05,9,Uber,4152
2015-05-14,2015-05,10,Uber,3404
2015-05-14,2015-05,11,Uber,3148
2015-05-14,2015-05,12,Uber,3170
2015-05-14,2015-05,13,Uber,3062
2015-05-14,2015-05,14,Uber,3578
2015-05-14,2015-05,15,Uber,4087
2015-05-14,2015-05,16,Uber,4553
2015-05-14,2015-05,17,Uber,5290
2015-05-14,2015-05,18,Uber,6490
2015-05-14,2015-05,19,Uber,6729
2015-05-14,2015-05,20,Uber,6859
2015-05-14,2015-05,21,Uber,7279
2015-05-14,2015-05,22,Uber,7210
2015-05-14,2015-05,23,Uber,6514
2015-05-15,2015-05,0,Uber,4461
2015-05-15,2015-05,1,Uber,2101
2015-05-15,2015-05,2,Uber,1230
2015-05-15,2015-05,3,Uber,905
2015-05-15,2015-05,4,Uber,1136
2015-05-15,2015-05,5,Uber,1346
2015-05-15,2015-05,6,Uber,2001
2015-05-15,2015-05,7,Uber,3050
2015-05-15,2015-05,8,Uber,4069
2015-05-15,2015-05,9,Uber,4100
2015-05-15,2015-05,10,Uber,3604
2015-05-15,2015-05,11,Uber,3316
2015-05-15,2015-05,12,Uber,3136
2015-05-15,2015-05,13,Uber,3280
2015-05-15,2015-05,14,Uber,3717
2015-05-15,2015-05,15,Uber,4351
2015-05-15,2015-05,16,Uber,4707
2015-05-15,2015-05,17,Uber,5549
2015-05-15,2015-05,18,Uber,6742
2015-05-15,2015-05,19,Uber,7304
2015-05-15,2015-05,20,Uber,7282
2015-05-15,2015-05,21,Uber,7071
2015-05-15,2015-05,22,Uber,7650
2015-05-15,2015-05,23,Uber,7628
2015-05-16,2015-05,0,Uber,6912
2015-05-16,2015-05,1,Uber,5102
2015-05-16,2015-05,2,Uber,3595
2015-05-16,2015-05,3,Uber,2280
2015-05-16,2015-05,4,Uber,1742
2015-05-16,2015-05,5,Uber,1508
2015-05-16,2015-05,6,Uber,1634
2015-05-16,2015-05,7,Uber,1604
2015-05-16,2015-05,8,Uber,2384
2015-05-16,2015-05,9,Uber,3110
2015-05-16,2015-05,10,Uber,3465
2015-05-16,2015-05,11,Uber,4026
2015-05-16,2015-05,12,Uber,4261
2015-05-16,2015-05,13,Uber,4617
2015-05-16,2015-05,14,Uber,4813
2015-05-16,2015-05,15,Uber,4986
2015-05-16,2015-05,16,Uber,5903
2015-05-16,2015-05,17,Uber,6521
2015-05-16,2015-05,18,Uber,6900
2015-05-16,2015-05,19,Uber,7794
2015-05-16,2015-05,20,Uber,9188
2015-05-16,2015-05,21,Uber,9591
2015-05-16,2015-05,22,Uber,10187
2015-05-16,2015-05,23,Uber,9377
2015-05-17,2015-05,0,Uber,8497
2015-05-17,2015-05,1,Uber,6250
2015-05-17,2015-05,2,Uber,3910
2015-05-17,2015-05,3,Uber,2505
2015-05-17,2015-05,4,Uber,1735
2015-05-17,2015-05,5,Uber,1213
2015-05-17,2015-05,6,Uber,1135
2015-05-17,2015-05,7,Uber,1378
2015-05-17,2015-05,8,Uber,1873
2015-05-17,2015-05,9,Uber,2581
2015-05-17,2015-05,10,Uber,3210
2015-05-17,2015-05,11,Uber,3907
2015-05-17,2015-05,12,Uber,4108
2015-05-17,2015-05,13,Uber,4418
2015-05-17,2015-05,14,Uber,4746
2015-05-17,2015-05,15,Uber,4929
2015-05-17,2015-05,16,Uber,5086
2015-05-17,2015-05,17,Uber,5129
2015-05-17,2015-05,18,Uber,5172
2015-05-17,2015-05,19,Uber,4980
2015-05-17,2015-05,20,Uber,4741
2015-05-17,2015-05,21,Uber,4531
2015-05-17,2015-05,22,Uber,4394
2015-05-17,2015-05,23,Uber,3835
2015-05-18,2015-05,0,Uber,2351
2015-05-18,2015-05,1,Uber,1153
2015-05-18,2015-05,2,Uber,789
2015-05-18,2015-05,3,Uber,536
2015-05-18,2015-05,4,Uber,869
2015-05-18,2015-05,5,Uber,1370
2015-05-18,2015-05,6,Uber,2079
2015-05-18,2015-05,7,Uber,3038
2015-05-18,2015-05,8,Uber,4112
2015-05-18,2015-05,9,Uber,4033
2015-05-18,2015-05,10,Uber,3227
2015-05-18,2015-05,11,Uber,2979
2015-05-18,2015-05,12,Uber,2949
2015-05-18,2015-05,13,Uber,2838
2015-05-18,2015-05,14,Uber,3117
2015-05-18,2015-05,15,Uber,3731
2015-05-18,2015-05,16,Uber,4120
2015-05-18,2015-05,17,Uber,4560
2015-05-18,2015-05,18,Uber,5484
2015-05-18,2015-05,19,Uber,5258
2015-05-18,2015-05,20,Uber,4714
2015-05-18,2015-05,21,Uber,4689
2015-05-18,2015-05,22,Uber,4707
2015-05-18,2015-05,23,Uber,3699
2015-05-19,2015-05,0,Uber,2440
2015-05-19,2015-05,1,Uber,1469
2015-05-19,2015-05,2,Uber,949
2015-05-19,2015-05,3,Uber,544
2015-05-19,2015-05,4,Uber,831
2015-05-19,2015-05,5,Uber,1259
2015-05-19,2015-05,6,Uber,2095
2015-05-19,2015-05,7,Uber,3431
2015-05-19,2015-05,8,Uber,4721
2015-05-19,2015-05,9,Uber,4441
2015-05-19,2015-05,10,Uber,3363
2015-05-19,2015-05,11,Uber,3149
2015-05-19,2015-05,12,Uber,3365
2015-05-19,2015-05,13,Uber,3229
2015-05-19,2015-05,14,Uber,3415
2015-05-19,2015-05,15,Uber,3894
2015-05-19,2015-05,16,Uber,4477
2015-05-19,2015-05,17,Uber,5155
2015-05-19,2015-05,18,Uber,5992
2015-05-19,2015-05,19,Uber,5777
2015-05-19,2015-05,20,Uber,5481
2015-05-19,2015-05,21,Uber,5620
2015-05-19,2015-05,22,Uber,5646
2015-05-19,2015-05,23,Uber,4613
2015-05-20,2015-05,0,Uber,2880
2015-05-20,2015-05,1,Uber,1593
2015-05-20,2015-05,2,Uber,933
2015-05-20,2015-05,3,Uber,682
2015-05-20,2015-05,4,Uber,887
2015-05-20,2015-05,5,Uber,1364
2015-05-20,2015-05,6,Uber,1982
2015-05-20,2015-05,7,Uber,3244
2015-05-20,2015-05,8,Uber,4324
2015-05-20,2015-05,9,Uber,4330
2015-05-20,2015-05,10,Uber,3354
2015-05-20,2015-05,11,Uber,3159
2015-05-20,2015-05,12,Uber,3243
2015-05-20,2015-05,13,Uber,3269
2015-05-20,2015-05,14,Uber,3590
2015-05-20,2015-05,15,Uber,4190
2015-05-20,2015-05,16,Uber,4825
2015-05-20,2015-05,17,Uber,5449
2015-05-20,2015-05,18,Uber,6558
2015-05-20,2015-05,19,Uber,6595
2015-05-20,2015-05,20,Uber,6300
2015-05-20,2015-05,21,Uber,6528
2015-05-20,2015-05,22,Uber,6225
2015-05-20,2015-05,23,Uber,5548
2015-05-21,2015-05,0,Uber,3217
2015-05-21,2015-05,1,Uber,1805
2015-05-21,2015-05,2,Uber,1019
2015-05-21,2015-05,3,Uber,715
2015-05-21,2015-05,4,Uber,989
2015-05-21,2015-05,5,Uber,1423
2015-05-21,2015-05,6,Uber,2183
2015-05-21,2015-05,7,Uber,3371
2015-05-21,2015-05,8,Uber,4409
2015-05-21,2015-05,9,Uber,4329
2015-05-21,2015-05,10,Uber,3441
2015-05-21,2015-05,11,Uber,3327
2015-05-21,2015-05,12,Uber,3327
2015-05-21,2015-05,13,Uber,3608
2015-05-21,2015-05,14,Uber,3826
2015-05-21,2015-05,15,Uber,4470
2015-05-21,2015-05,16,Uber,4959
2015-05-21,2015-05,17,Uber,5633
2015-05-21,2015-05,18,Uber,6627
2015-05-21,2015-05,19,Uber,6683
2015-05-21,2015-05,20,Uber,6520
2015-05-21,2015-05,21,Uber,6839
2015-05-21,2015-05,22,Uber,6654
2015-05-21,2015-05,23,Uber,5754
2015-05-22,2015-05,0,Uber,3903
2015-05-22,2015-05,1,Uber,2252
2015-05-22,2015-05,2,Uber,1457
2015-05-22,2015-05,3,Uber,1056
2015-05-22,2015-05,4,Uber,1310
2015-05-22,2015-05,5,Uber,1638
2015-05-22,2015-05,6,Uber,2153
2015-05-22,2015-05,7,Uber,3042
2015-05-22,2015-05,8,Uber,3943
2015-05-22,2015-05,9,Uber,4110
2015-05-22,2015-05,10,Uber,3387
2015-05-22,2015-05,11,Uber,3247
2015-05-22,2015-05,12,Uber,3200
2015-05-22,2015-05,13,Uber,3406
2015-05-22,2015-05,14,Uber,3718
2015-05-22,2015-05,15,Uber,4365
2015-05-22,2015-05,16,Uber,4778
2015-05-22,2015-05,17,Uber,4941
2015-05-22,2015-05,18,Uber,4829
2015-05-22,2015-05,19,Uber,4927
2015-05-22,2015-05,20,Uber,4764
2015-05-22,2015-05,21,Uber,4757
2015-05-22,2015-05,22,Uber,5075
2015-05-22,2015-05,23,Uber,5505
2015-05-23,2015-05,0,Uber,4503
2015-05-23,2015-05,1,Uber,3312
2015-05-23,2015-05,2,Uber,2439
2015-05-23,2015-05,3,Uber,1754
2015-05-23,2015-05,4,Uber,1522
2015-05-23,2015-05,5,Uber,1278
2015-05-23,2015-05,6,Uber,1262
2015-05-23,2015-05,7,Uber,1379
2015-05-23,2015-05,8,Uber,1804
2015-05-23,2015-05,9,Uber,2400
2015-05-23,2015-05,10,Uber,2779
2015-05-23,2015-05,11,Uber,3159
2015-05-23,2015-05,12,Uber,3395
2015-05-23,2015-05,13,Uber,3338
2015-05-23,2015-05,14,Uber,3340
2015-05-23,2015-05,15,Uber,3492
2015-05-23,2015-05,16,Uber,4043
2015-05-23,2015-05,17,Uber,4797
2015-05-23,2015-05,18,Uber,4527
2015-05-23,2015-05,19,Uber,4752
2015-05-23,2015-05,20,Uber,4380
2015-05-23,2015-05,21,Uber,4601
2015-05-23,2015-05,22,Uber,5036
2015-05-23,2015-05,23,Uber,5042
2015-05-24,2015-05,0,Uber,4752
2015-05-24,2015-05,1,Uber,3361
2015-05-24,2015-05,2,Uber,2418
2015-05-24,2015-05,3,Uber,1866
2015-05-24,2015-05,4,Uber,1389
2015-05-24,2015-05,5,Uber,891
2015-05-24,2015-05,6,Uber,822
2015-05-24,2015-05,7,Uber,942
2015-05-24,2015-05,8,Uber,1211
2015-05-24,2015-05,9,Uber,1735
2015-05-24,2015-05,10,Uber,2389
2015-05-24,2015-05,11,Uber,2869
2015-05-24,2015-05,12,Uber,3003
2015-05-24,2015-05,13,Uber,3230
2015-05-24,2015-05,14,Uber,3472
2015-05-24,2015-05,15,Uber,3484
2015-05-24,2015-05,16,Uber,3626
2015-05-24,2015-05,17,Uber,3855
2015-05-24,2015-05,18,Uber,3831
2015-05-24,2015-05,19,Uber,3881
2015-05-24,2015-05,20,Uber,3644
2015-05-24,2015-05,21,Uber,3657
2015-05-24,2015-05,22,Uber,3909
2015-05-24,2015-05,23,Uber,4077
2015-05-25,2015-05,0,Uber,3434
2015-05-25,2015-05,1,Uber,2433
2015-05-25,2015-05,2,Uber,1628
2015-05-25,2015-05,3,Uber,1160
2015-05-25,2015-05,4,Uber,964
2015-05-25,2015-05,5,Uber,809
2015-05-25,2015-05,6,Uber,903
2015-05-25,2015-05,7,Uber,896
2015-05-25,2015-05,8,Uber,1138
2015-05-25,2015-05,9,Uber,1565
2015-05-25,2015-05,10,Uber,1964
2015-05-25,2015-05,11,Uber,2321
2015-05-25,2015-05,12,Uber,2543
2015-05-25,2015-05,13,Uber,2811
2015-05-25,2015-05,14,Uber,3043
2015-05-25,2015-05,15,Uber,3326
2015-05-25,2015-05,16,Uber,3557
2015-05-25,2015-05,17,Uber,3711
2015-05-25,2015-05,18,Uber,3893
2015-05-25,2015-05,19,Uber,3828
2015-05-25,2015-05,20,Uber,3592
2015-05-25,2015-05,21,Uber,3679
2015-05-25,2015-05,22,Uber,3514
2015-05-25,2015-05,23,Uber,3027
2015-05-26,2015-05,0,Uber,2000
2015-05-26,2015-05,1,Uber,957
2015-05-26,2015-05,2,Uber,603
2015-05-26,2015-05,3,Uber,435
2015-05-26,2015-05,4,Uber,865
2015-05-26,2015-05,5,Uber,1409
2015-05-26,2015-05,6,Uber,2132
2015-05-26,2015-05,7,Uber,3152
2015-05-26,2015-05,8,Uber,3913
2015-05-26,2015-05,9,Uber,3695
2015-05-26,2015-05,10,Uber,2991
2015-05-26,2015-05,11,Uber,2692
2015-05-26,2015-05,12,Uber,2705
2015-05-26,2015-05,13,Uber,2820
2015-05-26,2015-05,14,Uber,3207
2015-05-26,2015-05,15,Uber,3623
2015-05-26,2015-05,16,Uber,4014
2015-05-26,2015-05,17,Uber,4732
2015-05-26,2015-05,18,Uber,5198
2015-05-26,2015-05,19,Uber,4684
2015-05-26,2015-05,20,Uber,4512
2015-05-26,2015-05,21,Uber,4664
2015-05-26,2015-05,22,Uber,4284
2015-05-26,2015-05,23,Uber,3523
2015-05-27,2015-05,0,Uber,2143
2015-05-27,2015-05,1,Uber,1218
2015-05-27,2015-05,2,Uber,714
2015-05-27,2015-05,3,Uber,496
2015-05-27,2015-05,4,Uber,708
2015-05-27,2015-05,5,Uber,1210
2015-05-27,2015-05,6,Uber,2069
2015-05-27,2015-05,7,Uber,3444
2015-05-27,2015-05,8,Uber,4486
2015-05-27,2015-05,9,Uber,4159
2015-05-27,2015-05,10,Uber,3158
2015-05-27,2015-05,11,Uber,2966
2015-05-27,2015-05,12,Uber,3148
2015-05-27,2015-05,13,Uber,3038
2015-05-27,2015-05,14,Uber,3369
2015-05-27,2015-05,15,Uber,3963
2015-05-27,2015-05,16,Uber,4475
2015-05-27,2015-05,17,Uber,5156
2015-05-27,2015-05,18,Uber,6111
2015-05-27,2015-05,19,Uber,7251
2015-05-27,2015-05,20,Uber,8075
2015-05-27,2015-05,21,Uber,7015
2015-05-27,2015-05,22,Uber,6024
2015-05-27,2015-05,23,Uber,4261
2015-05-28,2015-05,0,Uber,2850
2015-05-28,2015-05,1,Uber,1526
2015-05-28,2015-05,2,Uber,858
2015-05-28,2015-05,3,Uber,621
2015-05-28,2015-05,4,Uber,847
2015-05-28,2015-05,5,Uber,1268
2015-05-28,2015-05,6,Uber,2086
2015-05-28,2015-05,7,Uber,3636
2015-05-28,2015-05,8,Uber,4601
2015-05-28,2015-05,9,Uber,4390
2015-05-28,2015-05,10,Uber,3533
2015-05-28,2015-05,11,Uber,3279
2015-05-28,2015-05,12,Uber,3302
2015-05-28,2015-05,13,Uber,3294
2015-05-28,2015-05,14,Uber,3838
2015-05-28,2015-05,15,Uber,4325
2015-05-28,2015-05,16,Uber,5031
2015-05-28,2015-05,17,Uber,5985
2015-05-28,2015-05,18,Uber,7027
2015-05-28,2015-05,19,Uber,6631
2015-05-28,2015-05,20,Uber,6214
2015-05-28,2015-05,21,Uber,6806
2015-05-28,2015-05,22,Uber,7032
2015-05-28,2015-05,23,Uber,6084
2015-05-29,2015-05,0,Uber,4014
2015-05-29,2015-05,1,Uber,2077
2015-05-29,2015-05,2,Uber,1287
2015-05-29,2015-05,3,Uber,846
2015-05-29,2015-05,4,Uber,1088
2015-05-29,2015-05,5,Uber,1422
2015-05-29,2015-05,6,Uber,2124
2015-05-29,2015-05,7,Uber,3352
2015-05-29,2015-05,8,Uber,4314
2015-05-29,2015-05,9,Uber,4213
2015-05-29,2015-05,10,Uber,3609
2015-05-29,2015-05,11,Uber,3259
2015-05-29,2015-05,12,Uber,3333
2015-05-29,2015-05,13,Uber,3445
2015-05-29,2015-05,14,Uber,3956
2015-05-29,2015-05,15,Uber,4487
2015-05-29,2015-05,16,Uber,5121
2015-05-29,2015-05,17,Uber,5842
2015-05-29,2015-05,18,Uber,6559
2015-05-29,2015-05,19,Uber,7114
2015-05-29,2015-05,20,Uber,6244
2015-05-29,2015-05,21,Uber,5924
2015-05-29,2015-05,22,Uber,6565
2015-05-29,2015-05,23,Uber,7993
2015-05-30,2015-05,0,Uber,7000
2015-05-30,2015-05,1,Uber,4723
2015-05-30,2015-05,2,Uber,3152
2015-05-30,2015-05,3,Uber,2093
2015-05-30,2015-05,4,Uber,1644
2015-05-30,2015-05,5,Uber,1108
2015-05-30,2015-05,6,Uber,1154
2015-05-30,2015-05,7,Uber,1479
2015-05-30,2015-05,8,Uber,2133
2015-05-30,2015-05,9,Uber,2837
2015-05-30,2015-05,10,Uber,3450
2015-05-30,2015-05,11,Uber,3809
2015-05-30,2015-05,12,Uber,4019
2015-05-30,2015-05,13,Uber,4354
2015-05-30,2015-05,14,Uber,4523
2015-05-30,2015-05,15,Uber,4893
2015-05-30,2015-05,16,Uber,5562
2015-05-30,2015-05,17,Uber,6367
2015-05-30,2015-05,18,Uber,6636
2015-05-30,2015-05,19,Uber,6872
2015-05-30,2015-05,20,Uber,6044
2015-05-30,2015-05,21,Uber,6160
2015-05-30,2015-05,22,Uber,6903
2015-05-30,2015-05,23,Uber,7501
2015-05-31,2015-05,0,Uber,6831
2015-05-31,2015-05,1,Uber,5379
2015-05-31,2015-05,2,Uber,3847
2015-05-31,2015-05,3,Uber,2686
2015-05-31,2015-05,4,Uber,1869
2015-05-31,2015-05,5,Uber,1236
2015-05-31,2015-05,6,Uber,1062
2015-05-31,2015-05,7,Uber,1220
2015-05-31,2015-05,8,Uber,1704
2015-05-31,2015-05,9,Uber,2416
2015-05-31,2015-05,10,Uber,3143
2015-05-31,2015-05,11,Uber,3653
2015-05-31,2015-05,12,Uber,4049
2015-05-31,2015-05,13,Uber,4167
2015-05-31,2015-05,14,Uber,4510
2015-05-31,2015-05,15,Uber,4754
2015-05-31,2015-05,16,Uber,5466
2015-05-31,2015-05,17,Uber,6585
2015-05-31,2015-05,18,Uber,7188
2015-05-31,2015-05,19,Uber,6538
2015-05-31,2015-05,20,Uber,5710
2015-05-31,2015-05,21,Uber,5029
2015-05-31,2015-05,22,Uber,4217
2015-05-31,2015-05,23,Uber,3669
